Date,Campaign,Objective,Market,Audience,Creative,Spend,Impressions,Clicks,Conversions,Revenue,Video Views
2026-05-04,Creator Spark,Conversions,Toronto / GTA,18-24 Interest,Creator UGC,391.12,52125,992,23,1749.47,30142
2026-05-04,Creator Spark,Conversions,Vancouver / West,18-24 Interest,Creator UGC,263.92,36392,685,14,1032.27,20047
2026-05-04,Creator Spark,Conversions,Montreal / East,18-24 Interest,Creator UGC,231.96,31692,577,13,958.65,17883
2026-05-05,Creator Spark,Conversions,Toronto / GTA,18-24 Interest,Creator UGC,404.01,53925,1094,27,2005.59,26686
2026-05-05,Creator Spark,Conversions,Vancouver / West,18-24 Interest,Creator UGC,269.25,36375,657,14,1071.89,20610
2026-05-05,Creator Spark,Conversions,Montreal / East,18-24 Interest,Creator UGC,258.22,33808,607,14,1042.35,18876
2026-05-06,Creator Spark,Conversions,Toronto / GTA,18-24 Interest,Creator UGC,409.81,52046,1062,26,1973.93,24843
2026-05-06,Creator Spark,Conversions,Vancouver / West,18-24 Interest,Creator UGC,249.87,33887,611,13,951.66,17434
2026-05-06,Creator Spark,Conversions,Montreal / East,18-24 Interest,Creator UGC,256.14,34525,607,13,961.37,21401
2026-05-07,Creator Spark,Conversions,Toronto / GTA,18-24 Interest,Creator UGC,405.62,51553,969,24,1763.65,27360
2026-05-07,Creator Spark,Conversions,Vancouver / West,18-24 Interest,Creator UGC,276.48,36455,697,16,1224.69,21660
2026-05-07,Creator Spark,Conversions,Montreal / East,18-24 Interest,Creator UGC,246.51,34146,597,13,958.09,21200
2026-05-08,Creator Spark,Conversions,Toronto / GTA,18-24 Interest,Creator UGC,420.51,54723,1090,26,1998.5,29737
2026-05-08,Creator Spark,Conversions,Vancouver / West,18-24 Interest,Creator UGC,256.19,34865,667,15,1130.71,21395
2026-05-08,Creator Spark,Conversions,Montreal / East,18-24 Interest,Creator UGC,254.12,34661,656,15,1097.39,16552
2026-05-09,Creator Spark,Conversions,Toronto / GTA,18-24 Interest,Creator UGC,363.75,46164,1001,24,1752.86,24516
2026-05-09,Creator Spark,Conversions,Vancouver / West,18-24 Interest,Creator UGC,264.94,35243,757,18,1310.43,20628
2026-05-09,Creator Spark,Conversions,Montreal / East,18-24 Interest,Creator UGC,249.3,33142,616,14,1025.53,17882
2026-05-10,Creator Spark,Conversions,Toronto / GTA,18-24 Interest,Creator UGC,381.72,47225,1034,24,1800.06,23546
2026-05-10,Creator Spark,Conversions,Vancouver / West,18-24 Interest,Creator UGC,263.97,34182,678,16,1207.85,16901
2026-05-10,Creator Spark,Conversions,Montreal / East,18-24 Interest,Creator UGC,253.14,33646,665,15,1091.29,17559
2026-05-11,Creator Spark,Conversions,Toronto / GTA,18-24 Interest,Creator UGC,385.75,47814,978,25,1853.35,22916
2026-05-11,Creator Spark,Conversions,Vancouver / West,18-24 Interest,Creator UGC,280.39,36094,652,15,1095.92,21357
2026-05-11,Creator Spark,Conversions,Montreal / East,18-24 Interest,Creator UGC,270.06,37111,661,15,1109.14,22622
2026-05-12,Creator Spark,Conversions,Toronto / GTA,18-24 Interest,Creator UGC,406.17,53303,1048,26,1915.03,27711
2026-05-12,Creator Spark,Conversions,Vancouver / West,18-24 Interest,Creator UGC,284.57,37494,707,16,1172.71,18970
2026-05-12,Creator Spark,Conversions,Montreal / East,18-24 Interest,Creator UGC,257.0,34026,588,13,949.9,19428
2026-05-13,Creator Spark,Conversions,Toronto / GTA,18-24 Interest,Creator UGC,396.31,49213,1004,23,1697.88,28398
2026-05-13,Creator Spark,Conversions,Vancouver / West,18-24 Interest,Creator UGC,259.2,35608,712,16,1198.03,21206
2026-05-13,Creator Spark,Conversions,Montreal / East,18-24 Interest,Creator UGC,271.55,37126,631,14,1045.19,20223
2026-05-14,Creator Spark,Conversions,Toronto / GTA,18-24 Interest,Creator UGC,419.65,53065,1098,25,1864.04,27821
2026-05-14,Creator Spark,Conversions,Vancouver / West,18-24 Interest,Creator UGC,279.22,37994,695,16,1194.38,19550
2026-05-14,Creator Spark,Conversions,Montreal / East,18-24 Interest,Creator UGC,253.27,32664,580,14,1053.17,15616
2026-05-15,Creator Spark,Conversions,Toronto / GTA,18-24 Interest,Creator UGC,430.72,53774,1111,29,2220.5,26705
2026-05-15,Creator Spark,Conversions,Vancouver / West,18-24 Interest,Creator UGC,265.81,36271,681,15,1116.83,22765
2026-05-15,Creator Spark,Conversions,Montreal / East,18-24 Interest,Creator UGC,252.48,32916,585,13,1001.75,20713
2026-05-16,Creator Spark,Conversions,Toronto / GTA,18-24 Interest,Creator UGC,382.38,48181,967,23,1773.51,27110
2026-05-16,Creator Spark,Conversions,Vancouver / West,18-24 Interest,Creator UGC,250.14,32703,630,15,1125.19,19832
2026-05-16,Creator Spark,Conversions,Montreal / East,18-24 Interest,Creator UGC,232.85,29943,544,12,905.13,17308
2026-05-17,Creator Spark,Conversions,Toronto / GTA,18-24 Interest,Creator UGC,364.65,48216,1057,25,1885.63,27440
2026-05-17,Creator Spark,Conversions,Vancouver / West,18-24 Interest,Creator UGC,244.38,32367,660,16,1178.71,18921
2026-05-17,Creator Spark,Conversions,Montreal / East,18-24 Interest,Creator UGC,233.23,31359,612,14,1038.42,18511
2026-05-18,Creator Spark,Conversions,Toronto / GTA,18-24 Interest,Creator UGC,375.94,48359,1003,26,1900.07,24378
2026-05-18,Creator Spark,Conversions,Vancouver / West,18-24 Interest,Creator UGC,252.33,32517,646,16,1190.61,16104
2026-05-18,Creator Spark,Conversions,Montreal / East,18-24 Interest,Creator UGC,263.49,34568,626,15,1135.39,16290
2026-05-19,Creator Spark,Conversions,Toronto / GTA,18-24 Interest,Creator UGC,406.98,53028,1058,28,2053.92,25903
2026-05-19,Creator Spark,Conversions,Vancouver / West,18-24 Interest,Creator UGC,244.78,32499,601,14,1063.71,16333
2026-05-19,Creator Spark,Conversions,Montreal / East,18-24 Interest,Creator UGC,254.69,34612,618,15,1148.36,16779
2026-05-20,Creator Spark,Conversions,Toronto / GTA,18-24 Interest,Creator UGC,384.18,50150,923,24,1814.81,25672
2026-05-20,Creator Spark,Conversions,Vancouver / West,18-24 Interest,Creator UGC,261.41,34711,654,14,1023.24,21219
2026-05-20,Creator Spark,Conversions,Montreal / East,18-24 Interest,Creator UGC,259.9,34528,642,15,1101.25,16932
2026-05-21,Creator Spark,Conversions,Toronto / GTA,18-24 Interest,Creator UGC,374.64,46545,943,25,1919.88,23441
2026-05-21,Creator Spark,Conversions,Vancouver / West,18-24 Interest,Creator UGC,243.7,33560,659,16,1193.26,19106
2026-05-21,Creator Spark,Conversions,Montreal / East,18-24 Interest,Creator UGC,234.99,30290,565,14,1069.58,18508
2026-05-22,Creator Spark,Conversions,Toronto / GTA,18-24 Interest,Creator UGC,357.78,45017,863,23,1756.28,27382
2026-05-22,Creator Spark,Conversions,Vancouver / West,18-24 Interest,Creator UGC,257.88,35037,689,15,1150.12,21281
2026-05-22,Creator Spark,Conversions,Montreal / East,18-24 Interest,Creator UGC,234.49,30493,542,12,915.95,15442
2026-05-23,Creator Spark,Conversions,Toronto / GTA,18-24 Interest,Creator UGC,333.46,43828,899,23,1773.32,22557
2026-05-23,Creator Spark,Conversions,Vancouver / West,18-24 Interest,Creator UGC,235.67,31678,682,16,1231.63,15473
2026-05-23,Creator Spark,Conversions,Montreal / East,18-24 Interest,Creator UGC,238.88,32691,660,15,1098.57,17638
2026-05-24,Creator Spark,Conversions,Toronto / GTA,18-24 Interest,Creator UGC,360.41,46906,995,25,1862.08,26373
2026-05-24,Creator Spark,Conversions,Vancouver / West,18-24 Interest,Creator UGC,223.08,29256,560,14,1052.42,17118
2026-05-24,Creator Spark,Conversions,Montreal / East,18-24 Interest,Creator UGC,230.78,30356,571,12,908.87,15871
2026-05-25,Creator Spark,Conversions,Toronto / GTA,18-24 Interest,Creator UGC,362.07,45162,907,22,1631.12,24177
2026-05-25,Creator Spark,Conversions,Vancouver / West,18-24 Interest,Creator UGC,239.81,32507,590,14,1077.74,18801
2026-05-25,Creator Spark,Conversions,Montreal / East,18-24 Interest,Creator UGC,248.21,32791,572,13,945.77,16917
2026-05-26,Creator Spark,Conversions,Toronto / GTA,18-24 Interest,Creator UGC,365.66,46582,928,23,1719.01,23486
2026-05-26,Creator Spark,Conversions,Vancouver / West,18-24 Interest,Creator UGC,240.85,31115,612,14,1023.84,17190
2026-05-26,Creator Spark,Conversions,Montreal / East,18-24 Interest,Creator UGC,239.52,32363,600,14,1060.89,16374
2026-05-27,Creator Spark,Conversions,Toronto / GTA,18-24 Interest,Creator UGC,354.78,47284,897,22,1684.62,22774
2026-05-27,Creator Spark,Conversions,Vancouver / West,18-24 Interest,Creator UGC,238.69,31499,576,14,1049.65,16034
2026-05-27,Creator Spark,Conversions,Montreal / East,18-24 Interest,Creator UGC,239.72,33279,613,15,1098.44,17905
2026-05-28,Creator Spark,Conversions,Toronto / GTA,18-24 Interest,Creator UGC,353.96,43776,858,20,1477.43,26517
2026-05-28,Creator Spark,Conversions,Vancouver / West,18-24 Interest,Creator UGC,240.05,31253,606,15,1131.44,19440
2026-05-28,Creator Spark,Conversions,Montreal / East,18-24 Interest,Creator UGC,246.51,32575,597,14,1070.83,18166
2026-05-29,Creator Spark,Conversions,Toronto / GTA,18-24 Interest,Creator UGC,387.03,48671,949,23,1698.84,27841
2026-05-29,Creator Spark,Conversions,Vancouver / West,18-24 Interest,Creator UGC,249.78,33247,641,14,1023.38,17146
2026-05-29,Creator Spark,Conversions,Montreal / East,18-24 Interest,Creator UGC,229.71,31076,558,12,885.49,18056
2026-05-30,Creator Spark,Conversions,Toronto / GTA,18-24 Interest,Creator UGC,358.25,47588,986,25,1865.52,23941
2026-05-30,Creator Spark,Conversions,Vancouver / West,18-24 Interest,Creator UGC,226.87,29300,602,14,1072.47,17360
2026-05-30,Creator Spark,Conversions,Montreal / East,18-24 Interest,Creator UGC,220.29,30581,575,14,1072.27,19038
2026-05-31,Creator Spark,Conversions,Toronto / GTA,18-24 Interest,Creator UGC,348.83,43853,924,24,1769.82,22150
2026-05-31,Creator Spark,Conversions,Vancouver / West,18-24 Interest,Creator UGC,229.03,31733,633,15,1118.54,15752
2026-05-31,Creator Spark,Conversions,Montreal / East,18-24 Interest,Creator UGC,224.32,30828,598,13,968.8,17273
2026-06-01,Creator Spark,Conversions,Toronto / GTA,18-24 Interest,Creator UGC,356.37,45172,845,21,1532.5,23971
2026-06-01,Creator Spark,Conversions,Vancouver / West,18-24 Interest,Creator UGC,238.99,32312,633,15,1142.01,19488
2026-06-01,Creator Spark,Conversions,Montreal / East,18-24 Interest,Creator UGC,234.36,32329,544,13,1004.24,17005
2026-06-02,Creator Spark,Conversions,Toronto / GTA,18-24 Interest,Creator UGC,388.81,48751,971,25,1925.58,24468
2026-06-02,Creator Spark,Conversions,Vancouver / West,18-24 Interest,Creator UGC,235.85,32346,587,14,1054.03,16331
2026-06-02,Creator Spark,Conversions,Montreal / East,18-24 Interest,Creator UGC,250.02,32639,560,13,989.5,15938
2026-06-03,Creator Spark,Conversions,Toronto / GTA,18-24 Interest,Creator UGC,401.29,49603,925,22,1631.38,28689
2026-06-03,Creator Spark,Conversions,Vancouver / West,18-24 Interest,Creator UGC,267.15,35918,700,15,1137.87,20486
2026-06-03,Creator Spark,Conversions,Montreal / East,18-24 Interest,Creator UGC,235.28,30701,572,13,952.83,19262
2026-06-04,Creator Spark,Conversions,Toronto / GTA,18-24 Interest,Creator UGC,404.56,52508,1018,25,1875.67,27546
2026-06-04,Creator Spark,Conversions,Vancouver / West,18-24 Interest,Creator UGC,267.14,34723,628,16,1209.76,20924
2026-06-04,Creator Spark,Conversions,Montreal / East,18-24 Interest,Creator UGC,256.38,34361,631,16,1183.45,20593
2026-06-05,Creator Spark,Conversions,Toronto / GTA,18-24 Interest,Creator UGC,397.98,51091,992,26,1922.9,30975
2026-06-05,Creator Spark,Conversions,Vancouver / West,18-24 Interest,Creator UGC,269.88,37215,739,17,1272.3,21125
2026-06-05,Creator Spark,Conversions,Montreal / East,18-24 Interest,Creator UGC,249.6,34584,644,14,1031.86,20669
2026-06-06,Creator Spark,Conversions,Toronto / GTA,18-24 Interest,Creator UGC,370.13,46051,988,24,1747.1,28629
2026-06-06,Creator Spark,Conversions,Vancouver / West,18-24 Interest,Creator UGC,234.96,30786,625,15,1137.87,17651
2026-06-06,Creator Spark,Conversions,Montreal / East,18-24 Interest,Creator UGC,240.99,31396,571,13,986.22,16294
2026-06-07,Creator Spark,Conversions,Toronto / GTA,18-24 Interest,Creator UGC,385.32,49506,1041,26,1978.77,25888
2026-06-07,Creator Spark,Conversions,Vancouver / West,18-24 Interest,Creator UGC,256.11,34786,686,15,1104.25,17015
2026-06-07,Creator Spark,Conversions,Montreal / East,18-24 Interest,Creator UGC,245.0,31996,589,13,974.08,18748
2026-06-08,Creator Spark,Conversions,Toronto / GTA,18-24 Interest,Creator UGC,432.89,55389,1055,25,1840.59,28049
2026-06-08,Creator Spark,Conversions,Vancouver / West,18-24 Interest,Creator UGC,257.97,35787,683,16,1234.15,19988
2026-06-08,Creator Spark,Conversions,Montreal / East,18-24 Interest,Creator UGC,267.98,36832,687,16,1226.84,20694
2026-06-09,Creator Spark,Conversions,Toronto / GTA,18-24 Interest,Creator UGC,411.38,52993,997,24,1847.63,28957
2026-06-09,Creator Spark,Conversions,Vancouver / West,18-24 Interest,Creator UGC,281.0,37766,681,16,1167.86,18652
2026-06-09,Creator Spark,Conversions,Montreal / East,18-24 Interest,Creator UGC,265.96,36027,682,15,1142.85,20428
2026-06-10,Creator Spark,Conversions,Toronto / GTA,18-24 Interest,Creator UGC,430.1,56378,1106,28,2092.78,34257
2026-06-10,Creator Spark,Conversions,Vancouver / West,18-24 Interest,Creator UGC,288.32,39051,753,18,1369.45,24275
2026-06-10,Creator Spark,Conversions,Montreal / East,18-24 Interest,Creator UGC,256.38,34993,637,14,1029.45,16867
2026-06-11,Creator Spark,Conversions,Toronto / GTA,18-24 Interest,Creator UGC,392.55,50527,1000,25,1844.79,29463
2026-06-11,Creator Spark,Conversions,Vancouver / West,18-24 Interest,Creator UGC,280.2,37498,728,18,1373.31,21374
2026-06-11,Creator Spark,Conversions,Montreal / East,18-24 Interest,Creator UGC,272.06,35058,621,15,1134.97,21573
2026-06-12,Creator Spark,Conversions,Toronto / GTA,18-24 Interest,Creator UGC,434.85,57730,1084,27,2055.25,32391
2026-06-12,Creator Spark,Conversions,Vancouver / West,18-24 Interest,Creator UGC,267.22,36734,714,17,1308.86,20206
2026-06-12,Creator Spark,Conversions,Montreal / East,18-24 Interest,Creator UGC,267.32,36881,623,15,1113.01,18811
2026-06-13,Creator Spark,Conversions,Toronto / GTA,18-24 Interest,Creator UGC,374.58,46311,1009,26,2002.74,29173
2026-06-13,Creator Spark,Conversions,Vancouver / West,18-24 Interest,Creator UGC,263.43,35783,688,17,1272.74,20548
2026-06-13,Creator Spark,Conversions,Montreal / East,18-24 Interest,Creator UGC,264.4,36175,699,17,1274.37,17530
2026-06-14,Creator Spark,Conversions,Toronto / GTA,18-24 Interest,Creator UGC,385.92,50146,1072,29,2152.79,29134
2026-06-14,Creator Spark,Conversions,Vancouver / West,18-24 Interest,Creator UGC,251.02,32318,682,16,1196.75,16816
2026-06-14,Creator Spark,Conversions,Montreal / East,18-24 Interest,Creator UGC,245.98,31609,598,14,1080.75,18182
2026-05-04,Retargeting Boost,Conversions,Toronto / GTA,Site Visitors,Offer + Social Proof,299.66,32238,703,20,1624.62,18378
2026-05-04,Retargeting Boost,Conversions,Vancouver / West,Site Visitors,Offer + Social Proof,201.44,22926,507,14,1115.84,13337
2026-05-04,Retargeting Boost,Conversions,Montreal / East,Site Visitors,Offer + Social Proof,181.94,19478,408,10,783.6,10871
2026-05-05,Retargeting Boost,Conversions,Toronto / GTA,Site Visitors,Offer + Social Proof,303.79,33548,805,24,1915.56,16398
2026-05-05,Retargeting Boost,Conversions,Vancouver / West,Site Visitors,Offer + Social Proof,205.7,22858,516,14,1104.77,13796
2026-05-05,Retargeting Boost,Conversions,Montreal / East,Site Visitors,Offer + Social Proof,204.13,23156,482,12,984.3,12766
2026-05-06,Retargeting Boost,Conversions,Toronto / GTA,Site Visitors,Offer + Social Proof,319.43,33161,731,22,1751.02,20543
2026-05-06,Retargeting Boost,Conversions,Vancouver / West,Site Visitors,Offer + Social Proof,200.37,21707,465,12,965.01,13672
2026-05-06,Retargeting Boost,Conversions,Montreal / East,Site Visitors,Offer + Social Proof,195.08,22303,464,12,962.99,12422
2026-05-07,Retargeting Boost,Conversions,Toronto / GTA,Site Visitors,Offer + Social Proof,307.22,33297,726,21,1687.24,16894
2026-05-07,Retargeting Boost,Conversions,Vancouver / West,Site Visitors,Offer + Social Proof,209.07,24110,546,15,1222.42,12821
2026-05-07,Retargeting Boost,Conversions,Montreal / East,Site Visitors,Offer + Social Proof,201.35,21812,477,13,1011.11,12005
2026-05-08,Retargeting Boost,Conversions,Toronto / GTA,Site Visitors,Offer + Social Proof,315.19,32707,774,22,1762.74,17763
2026-05-08,Retargeting Boost,Conversions,Vancouver / West,Site Visitors,Offer + Social Proof,209.76,23476,526,13,1038.1,14674
2026-05-08,Retargeting Boost,Conversions,Montreal / East,Site Visitors,Offer + Social Proof,195.49,21391,451,12,980.29,12995
2026-05-09,Retargeting Boost,Conversions,Toronto / GTA,Site Visitors,Offer + Social Proof,291.5,31607,787,23,1881.11,15037
2026-05-09,Retargeting Boost,Conversions,Vancouver / West,Site Visitors,Offer + Social Proof,183.76,20205,500,14,1136.58,10899
2026-05-09,Retargeting Boost,Conversions,Montreal / East,Site Visitors,Offer + Social Proof,179.98,19786,458,12,971.17,12159
2026-05-10,Retargeting Boost,Conversions,Toronto / GTA,Site Visitors,Offer + Social Proof,281.28,29356,694,19,1487.68,16292
2026-05-10,Retargeting Boost,Conversions,Vancouver / West,Site Visitors,Offer + Social Proof,196.46,21330,482,12,981.36,12140
2026-05-10,Retargeting Boost,Conversions,Montreal / East,Site Visitors,Offer + Social Proof,184.27,19820,420,11,867.01,10125
2026-05-11,Retargeting Boost,Conversions,Toronto / GTA,Site Visitors,Offer + Social Proof,298.57,31140,739,22,1723.88,16837
2026-05-11,Retargeting Boost,Conversions,Vancouver / West,Site Visitors,Offer + Social Proof,204.02,22511,503,13,1024.41,13625
2026-05-11,Retargeting Boost,Conversions,Montreal / East,Site Visitors,Offer + Social Proof,195.5,21925,453,12,964.14,12321
2026-05-12,Retargeting Boost,Conversions,Toronto / GTA,Site Visitors,Offer + Social Proof,336.5,36550,875,26,2051.86,20488
2026-05-12,Retargeting Boost,Conversions,Vancouver / West,Site Visitors,Offer + Social Proof,212.82,23192,483,13,1039.8,14255
2026-05-12,Retargeting Boost,Conversions,Montreal / East,Site Visitors,Offer + Social Proof,197.91,21476,450,12,967.87,12227
2026-05-13,Retargeting Boost,Conversions,Toronto / GTA,Site Visitors,Offer + Social Proof,324.24,34039,786,24,1934.77,20918
2026-05-13,Retargeting Boost,Conversions,Vancouver / West,Site Visitors,Offer + Social Proof,211.67,23884,522,14,1135.61,11570
2026-05-13,Retargeting Boost,Conversions,Montreal / East,Site Visitors,Offer + Social Proof,197.97,21570,429,11,882.08,13491
2026-05-14,Retargeting Boost,Conversions,Toronto / GTA,Site Visitors,Offer + Social Proof,317.7,32855,774,21,1712.73,17975
2026-05-14,Retargeting Boost,Conversions,Vancouver / West,Site Visitors,Offer + Social Proof,215.02,23429,505,13,1068.88,11539
2026-05-14,Retargeting Boost,Conversions,Montreal / East,Site Visitors,Offer + Social Proof,213.69,23078,490,14,1151.4,13818
2026-05-15,Retargeting Boost,Conversions,Toronto / GTA,Site Visitors,Offer + Social Proof,309.86,32353,690,20,1595.66,18689
2026-05-15,Retargeting Boost,Conversions,Vancouver / West,Site Visitors,Offer + Social Proof,210.62,23245,531,15,1171.8,11795
2026-05-15,Retargeting Boost,Conversions,Montreal / East,Site Visitors,Offer + Social Proof,189.87,20467,427,12,943.95,9827
2026-05-16,Retargeting Boost,Conversions,Toronto / GTA,Site Visitors,Offer + Social Proof,305.81,31636,749,21,1643.69,19659
2026-05-16,Retargeting Boost,Conversions,Vancouver / West,Site Visitors,Offer + Social Proof,188.35,20940,469,13,1017.27,11362
2026-05-16,Retargeting Boost,Conversions,Montreal / East,Site Visitors,Offer + Social Proof,192.05,20931,489,13,1055.12,10355
2026-05-17,Retargeting Boost,Conversions,Toronto / GTA,Site Visitors,Offer + Social Proof,288.9,31888,772,22,1807.68,15154
2026-05-17,Retargeting Boost,Conversions,Vancouver / West,Site Visitors,Offer + Social Proof,188.28,21015,522,15,1171.15,12183
2026-05-17,Retargeting Boost,Conversions,Montreal / East,Site Visitors,Offer + Social Proof,187.6,20077,437,11,863.62,9829
2026-05-18,Retargeting Boost,Conversions,Toronto / GTA,Site Visitors,Offer + Social Proof,319.93,34305,792,23,1850.72,16241
2026-05-18,Retargeting Boost,Conversions,Vancouver / West,Site Visitors,Offer + Social Proof,208.15,23612,496,14,1091.01,13988
2026-05-18,Retargeting Boost,Conversions,Montreal / East,Site Visitors,Offer + Social Proof,189.44,21538,465,12,939.7,13226
2026-05-19,Retargeting Boost,Conversions,Toronto / GTA,Site Visitors,Offer + Social Proof,285.72,29675,644,18,1418.46,14776
2026-05-19,Retargeting Boost,Conversions,Vancouver / West,Site Visitors,Offer + Social Proof,202.94,23438,486,14,1102.39,12230
2026-05-19,Retargeting Boost,Conversions,Montreal / East,Site Visitors,Offer + Social Proof,186.66,21511,458,12,974.15,11749
2026-05-20,Retargeting Boost,Conversions,Toronto / GTA,Site Visitors,Offer + Social Proof,310.52,33140,715,21,1724.9,15806
2026-05-20,Retargeting Boost,Conversions,Vancouver / West,Site Visitors,Offer + Social Proof,203.58,21975,485,13,1068.96,10542
2026-05-20,Retargeting Boost,Conversions,Montreal / East,Site Visitors,Offer + Social Proof,191.63,21461,454,12,983.6,10339
2026-05-21,Retargeting Boost,Conversions,Toronto / GTA,Site Visitors,Offer + Social Proof,282.23,29894,642,18,1451.5,16673
2026-05-21,Retargeting Boost,Conversions,Vancouver / West,Site Visitors,Offer + Social Proof,190.64,20376,450,12,966.07,9900
2026-05-21,Retargeting Boost,Conversions,Montreal / East,Site Visitors,Offer + Social Proof,194.59,21028,443,12,972.72,10607
2026-05-22,Retargeting Boost,Conversions,Toronto / GTA,Site Visitors,Offer + Social Proof,292.34,31926,709,20,1591.94,15491
2026-05-22,Retargeting Boost,Conversions,Vancouver / West,Site Visitors,Offer + Social Proof,190.98,20943,454,12,984.36,10068
2026-05-22,Retargeting Boost,Conversions,Montreal / East,Site Visitors,Offer + Social Proof,195.48,22450,442,12,977.96,12550
2026-05-23,Retargeting Boost,Conversions,Toronto / GTA,Site Visitors,Offer + Social Proof,276.95,29443,699,19,1506.65,16973
2026-05-23,Retargeting Boost,Conversions,Vancouver / West,Site Visitors,Offer + Social Proof,184.99,19967,483,14,1126.75,10508
2026-05-23,Retargeting Boost,Conversions,Montreal / East,Site Visitors,Offer + Social Proof,176.88,20115,454,12,937.43,12175
2026-05-24,Retargeting Boost,Conversions,Toronto / GTA,Site Visitors,Offer + Social Proof,267.54,27995,685,21,1714.79,17523
2026-05-24,Retargeting Boost,Conversions,Vancouver / West,Site Visitors,Offer + Social Proof,184.94,20364,488,12,984.72,12274
2026-05-24,Retargeting Boost,Conversions,Montreal / East,Site Visitors,Offer + Social Proof,168.96,19265,437,11,871.54,9073
2026-05-25,Retargeting Boost,Conversions,Toronto / GTA,Site Visitors,Offer + Social Proof,299.75,31856,713,20,1612.78,15129
2026-05-25,Retargeting Boost,Conversions,Vancouver / West,Site Visitors,Offer + Social Proof,193.61,22014,480,13,1031.89,12888
2026-05-25,Retargeting Boost,Conversions,Montreal / East,Site Visitors,Offer + Social Proof,189.59,20952,412,10,783.56,11919
2026-05-26,Retargeting Boost,Conversions,Toronto / GTA,Site Visitors,Offer + Social Proof,291.76,31750,733,21,1674.16,16310
2026-05-26,Retargeting Boost,Conversions,Vancouver / West,Site Visitors,Offer + Social Proof,192.99,22127,483,13,1051.14,12123
2026-05-26,Retargeting Boost,Conversions,Montreal / East,Site Visitors,Offer + Social Proof,186.38,21490,439,12,931.64,11137
2026-05-27,Retargeting Boost,Conversions,Toronto / GTA,Site Visitors,Offer + Social Proof,275.37,30299,666,19,1475.1,17862
2026-05-27,Retargeting Boost,Conversions,Vancouver / West,Site Visitors,Offer + Social Proof,179.63,20152,454,12,979.2,12071
2026-05-27,Retargeting Boost,Conversions,Montreal / East,Site Visitors,Offer + Social Proof,173.0,18682,365,9,738.19,11357
2026-05-28,Retargeting Boost,Conversions,Toronto / GTA,Site Visitors,Offer + Social Proof,288.02,30591,710,21,1641.21,14480
2026-05-28,Retargeting Boost,Conversions,Vancouver / West,Site Visitors,Offer + Social Proof,183.08,19864,443,13,1066.19,9616
2026-05-28,Retargeting Boost,Conversions,Montreal / East,Site Visitors,Offer + Social Proof,190.02,21556,451,12,954.0,11201
2026-05-29,Retargeting Boost,Conversions,Toronto / GTA,Site Visitors,Offer + Social Proof,280.79,30405,661,19,1484.8,16771
2026-05-29,Retargeting Boost,Conversions,Vancouver / West,Site Visitors,Offer + Social Proof,196.73,22126,500,14,1141.17,11236
2026-05-29,Retargeting Boost,Conversions,Montreal / East,Site Visitors,Offer + Social Proof,175.27,19958,418,12,968.96,9946
2026-05-30,Retargeting Boost,Conversions,Toronto / GTA,Site Visitors,Offer + Social Proof,279.8,29908,748,23,1834.36,18479
2026-05-30,Retargeting Boost,Conversions,Vancouver / West,Site Visitors,Offer + Social Proof,178.9,19664,470,14,1128.55,9717
2026-05-30,Retargeting Boost,Conversions,Montreal / East,Site Visitors,Offer + Social Proof,164.24,18333,397,10,778.7,10105
2026-05-31,Retargeting Boost,Conversions,Toronto / GTA,Site Visitors,Offer + Social Proof,266.78,28613,657,20,1559.37,17405
2026-05-31,Retargeting Boost,Conversions,Vancouver / West,Site Visitors,Offer + Social Proof,186.5,20533,484,13,1043.39,12252
2026-05-31,Retargeting Boost,Conversions,Montreal / East,Site Visitors,Offer + Social Proof,182.82,20396,469,13,1028.86,11138
2026-06-01,Retargeting Boost,Conversions,Toronto / GTA,Site Visitors,Offer + Social Proof,280.53,31060,670,21,1664.22,18148
2026-06-01,Retargeting Boost,Conversions,Vancouver / West,Site Visitors,Offer + Social Proof,191.96,21902,467,13,1036.22,12126
2026-06-01,Retargeting Boost,Conversions,Montreal / East,Site Visitors,Offer + Social Proof,179.53,20153,406,11,871.47,11400
2026-06-02,Retargeting Boost,Conversions,Toronto / GTA,Site Visitors,Offer + Social Proof,306.27,32340,694,19,1536.27,16670
2026-06-02,Retargeting Boost,Conversions,Vancouver / West,Site Visitors,Offer + Social Proof,199.15,21854,504,15,1188.0,12309
2026-06-02,Retargeting Boost,Conversions,Montreal / East,Site Visitors,Offer + Social Proof,181.09,20366,445,12,953.78,11511
2026-06-03,Retargeting Boost,Conversions,Toronto / GTA,Site Visitors,Offer + Social Proof,315.26,34203,763,23,1874.58,19743
2026-06-03,Retargeting Boost,Conversions,Vancouver / West,Site Visitors,Offer + Social Proof,204.0,22242,500,14,1129.81,11961
2026-06-03,Retargeting Boost,Conversions,Montreal / East,Site Visitors,Offer + Social Proof,188.31,21156,421,11,903.64,11589
2026-06-04,Retargeting Boost,Conversions,Toronto / GTA,Site Visitors,Offer + Social Proof,293.3,32271,694,22,1717.88,19148
2026-06-04,Retargeting Boost,Conversions,Vancouver / West,Site Visitors,Offer + Social Proof,206.69,22281,463,13,1056.62,10939
2026-06-04,Retargeting Boost,Conversions,Montreal / East,Site Visitors,Offer + Social Proof,191.0,21812,469,13,1059.28,10829
2026-06-05,Retargeting Boost,Conversions,Toronto / GTA,Site Visitors,Offer + Social Proof,304.73,32791,758,22,1754.11,16907
2026-06-05,Retargeting Boost,Conversions,Vancouver / West,Site Visitors,Offer + Social Proof,207.17,23114,511,14,1140.74,12598
2026-06-05,Retargeting Boost,Conversions,Montreal / East,Site Visitors,Offer + Social Proof,204.18,22930,500,15,1197.24,11811
2026-06-06,Retargeting Boost,Conversions,Toronto / GTA,Site Visitors,Offer + Social Proof,288.31,30735,787,24,1954.71,15126
2026-06-06,Retargeting Boost,Conversions,Vancouver / West,Site Visitors,Offer + Social Proof,185.87,20422,503,14,1093.29,12362
2026-06-06,Retargeting Boost,Conversions,Montreal / East,Site Visitors,Offer + Social Proof,194.85,22029,503,13,1065.29,10873
2026-06-07,Retargeting Boost,Conversions,Toronto / GTA,Site Visitors,Offer + Social Proof,293.51,30276,710,21,1664.84,14359
2026-06-07,Retargeting Boost,Conversions,Vancouver / West,Site Visitors,Offer + Social Proof,183.38,20372,465,14,1111.59,9667
2026-06-07,Retargeting Boost,Conversions,Montreal / East,Site Visitors,Offer + Social Proof,198.84,21510,485,14,1095.65,11097
2026-06-08,Retargeting Boost,Conversions,Toronto / GTA,Site Visitors,Offer + Social Proof,329.89,34701,752,23,1834.33,16339
2026-06-08,Retargeting Boost,Conversions,Vancouver / West,Site Visitors,Offer + Social Proof,197.43,22373,512,14,1135.27,12405
2026-06-08,Retargeting Boost,Conversions,Montreal / East,Site Visitors,Offer + Social Proof,193.41,21861,442,11,875.77,13052
2026-06-09,Retargeting Boost,Conversions,Toronto / GTA,Site Visitors,Offer + Social Proof,318.35,35104,834,25,1941.97,19394
2026-06-09,Retargeting Boost,Conversions,Vancouver / West,Site Visitors,Offer + Social Proof,203.18,23238,507,14,1102.57,12471
2026-06-09,Retargeting Boost,Conversions,Montreal / East,Site Visitors,Offer + Social Proof,208.61,23974,524,14,1121.75,13214
2026-06-10,Retargeting Boost,Conversions,Toronto / GTA,Site Visitors,Offer + Social Proof,340.96,36270,811,24,1935.63,22740
2026-06-10,Retargeting Boost,Conversions,Vancouver / West,Site Visitors,Offer + Social Proof,204.8,23672,539,15,1216.77,13505
2026-06-10,Retargeting Boost,Conversions,Montreal / East,Site Visitors,Offer + Social Proof,212.62,23189,470,12,962.65,13917
2026-06-11,Retargeting Boost,Conversions,Toronto / GTA,Site Visitors,Offer + Social Proof,310.92,32493,733,23,1854.54,19491
2026-06-11,Retargeting Boost,Conversions,Vancouver / West,Site Visitors,Offer + Social Proof,200.88,21837,478,13,1011.53,10960
2026-06-11,Retargeting Boost,Conversions,Montreal / East,Site Visitors,Offer + Social Proof,195.47,20991,435,13,1042.69,10717
2026-06-12,Retargeting Boost,Conversions,Toronto / GTA,Site Visitors,Offer + Social Proof,334.16,36605,815,25,2043.9,19148
2026-06-12,Retargeting Boost,Conversions,Vancouver / West,Site Visitors,Offer + Social Proof,202.91,22787,525,15,1228.41,12120
2026-06-12,Retargeting Boost,Conversions,Montreal / East,Site Visitors,Offer + Social Proof,219.12,24354,504,15,1201.39,14568
2026-06-13,Retargeting Boost,Conversions,Toronto / GTA,Site Visitors,Offer + Social Proof,313.59,34671,851,27,2165.89,18077
2026-06-13,Retargeting Boost,Conversions,Vancouver / West,Site Visitors,Offer + Social Proof,189.94,20836,479,14,1115.04,12092
2026-06-13,Retargeting Boost,Conversions,Montreal / East,Site Visitors,Offer + Social Proof,191.69,22108,512,14,1153.48,11362
2026-06-14,Retargeting Boost,Conversions,Toronto / GTA,Site Visitors,Offer + Social Proof,322.2,33232,765,23,1824.91,19879
2026-06-14,Retargeting Boost,Conversions,Vancouver / West,Site Visitors,Offer + Social Proof,203.91,21865,493,14,1138.9,10398
2026-06-14,Retargeting Boost,Conversions,Montreal / East,Site Visitors,Offer + Social Proof,184.65,20070,437,12,963.87,11376
2026-05-04,Product Demo,Conversions,Toronto / GTA,Broad + Interest,Product Demo,523.94,57214,870,20,1707.54,31737
2026-05-04,Product Demo,Conversions,Vancouver / West,Broad + Interest,Product Demo,331.96,38593,561,11,948.22,21220
2026-05-04,Product Demo,Conversions,Montreal / East,Broad + Interest,Product Demo,323.47,37868,519,10,847.26,23835
2026-05-05,Product Demo,Conversions,Toronto / GTA,Broad + Interest,Product Demo,506.03,55397,855,18,1562.39,30043
2026-05-05,Product Demo,Conversions,Vancouver / West,Broad + Interest,Product Demo,356.6,42138,601,13,1127.91,21960
2026-05-05,Product Demo,Conversions,Montreal / East,Broad + Interest,Product Demo,325.98,39733,563,12,1041.5,23200
2026-05-06,Product Demo,Conversions,Toronto / GTA,Broad + Interest,Product Demo,552.59,61829,989,22,1827.52,31048
2026-05-06,Product Demo,Conversions,Vancouver / West,Broad + Interest,Product Demo,329.48,37883,536,11,927.65,22676
2026-05-06,Product Demo,Conversions,Montreal / East,Broad + Interest,Product Demo,338.13,39427,529,11,963.03,23066
2026-05-07,Product Demo,Conversions,Toronto / GTA,Broad + Interest,Product Demo,533.03,59026,947,20,1748.18,33809
2026-05-07,Product Demo,Conversions,Vancouver / West,Broad + Interest,Product Demo,346.09,40138,591,13,1123.58,22974
2026-05-07,Product Demo,Conversions,Montreal / East,Broad + Interest,Product Demo,326.76,37060,519,11,910.06,18154
2026-05-08,Product Demo,Conversions,Toronto / GTA,Broad + Interest,Product Demo,514.12,59762,903,21,1768.51,37085
2026-05-08,Product Demo,Conversions,Vancouver / West,Broad + Interest,Product Demo,368.16,42146,613,13,1108.37,20653
2026-05-08,Product Demo,Conversions,Montreal / East,Broad + Interest,Product Demo,334.85,39289,554,11,959.77,19435
2026-05-09,Product Demo,Conversions,Toronto / GTA,Broad + Interest,Product Demo,518.53,57640,965,22,1877.14,34701
2026-05-09,Product Demo,Conversions,Vancouver / West,Broad + Interest,Product Demo,314.54,38401,627,13,1115.02,22761
2026-05-09,Product Demo,Conversions,Montreal / East,Broad + Interest,Product Demo,322.05,37472,566,12,1007.13,23347
2026-05-10,Product Demo,Conversions,Toronto / GTA,Broad + Interest,Product Demo,510.76,56403,953,21,1739.27,27050
2026-05-10,Product Demo,Conversions,Vancouver / West,Broad + Interest,Product Demo,332.92,39216,607,13,1092.57,22939
2026-05-10,Product Demo,Conversions,Montreal / East,Broad + Interest,Product Demo,336.4,38467,614,12,1012.08,21536
2026-05-11,Product Demo,Conversions,Toronto / GTA,Broad + Interest,Product Demo,533.96,60565,909,20,1658.87,31278
2026-05-11,Product Demo,Conversions,Vancouver / West,Broad + Interest,Product Demo,352.66,41109,598,13,1082.44,21475
2026-05-11,Product Demo,Conversions,Montreal / East,Broad + Interest,Product Demo,352.2,42065,612,13,1105.98,23127
2026-05-12,Product Demo,Conversions,Toronto / GTA,Broad + Interest,Product Demo,534.05,62809,1022,23,2009.74,31682
2026-05-12,Product Demo,Conversions,Vancouver / West,Broad + Interest,Product Demo,351.83,42936,644,14,1201.01,23413
2026-05-12,Product Demo,Conversions,Montreal / East,Broad + Interest,Product Demo,350.99,40178,562,12,1033.92,23794
2026-05-13,Product Demo,Conversions,Toronto / GTA,Broad + Interest,Product Demo,537.39,61279,954,20,1705.43,29522
2026-05-13,Product Demo,Conversions,Vancouver / West,Broad + Interest,Product Demo,358.06,41252,602,13,1116.96,20173
2026-05-13,Product Demo,Conversions,Montreal / East,Broad + Interest,Product Demo,369.09,43794,640,13,1134.1,25873
2026-05-14,Product Demo,Conversions,Toronto / GTA,Broad + Interest,Product Demo,524.9,59334,916,19,1579.83,31049
2026-05-14,Product Demo,Conversions,Vancouver / West,Broad + Interest,Product Demo,355.69,41990,638,13,1093.59,23854
2026-05-14,Product Demo,Conversions,Montreal / East,Broad + Interest,Product Demo,334.05,37816,549,11,925.82,22785
2026-05-15,Product Demo,Conversions,Toronto / GTA,Broad + Interest,Product Demo,543.93,60520,912,21,1770.9,34969
2026-05-15,Product Demo,Conversions,Vancouver / West,Broad + Interest,Product Demo,375.46,43878,682,15,1289.39,20810
2026-05-15,Product Demo,Conversions,Montreal / East,Broad + Interest,Product Demo,345.34,39165,571,12,1024.75,22928
2026-05-16,Product Demo,Conversions,Toronto / GTA,Broad + Interest,Product Demo,511.52,59431,998,23,1995.02,29338
2026-05-16,Product Demo,Conversions,Vancouver / West,Broad + Interest,Product Demo,339.03,41439,701,14,1155.65,21556
2026-05-16,Product Demo,Conversions,Montreal / East,Broad + Interest,Product Demo,310.24,35951,537,12,1045.74,21918
2026-05-17,Product Demo,Conversions,Toronto / GTA,Broad + Interest,Product Demo,516.37,60532,957,21,1766.26,34864
2026-05-17,Product Demo,Conversions,Vancouver / West,Broad + Interest,Product Demo,330.03,39415,608,13,1094.55,20759
2026-05-17,Product Demo,Conversions,Montreal / East,Broad + Interest,Product Demo,331.52,38325,589,13,1112.3,19192
2026-05-18,Product Demo,Conversions,Toronto / GTA,Broad + Interest,Product Demo,512.28,57682,861,21,1763.32,29778
2026-05-18,Product Demo,Conversions,Vancouver / West,Broad + Interest,Product Demo,334.03,38664,567,12,1046.54,23093
2026-05-18,Product Demo,Conversions,Montreal / East,Broad + Interest,Product Demo,328.6,39865,574,12,1049.39,23956
2026-05-19,Product Demo,Conversions,Toronto / GTA,Broad + Interest,Product Demo,551.27,60877,917,20,1721.84,31986
2026-05-19,Product Demo,Conversions,Vancouver / West,Broad + Interest,Product Demo,340.15,40813,611,12,1022.36,25275
2026-05-19,Product Demo,Conversions,Montreal / East,Broad + Interest,Product Demo,342.07,41447,593,12,1004.24,23922
2026-05-20,Product Demo,Conversions,Toronto / GTA,Broad + Interest,Product Demo,518.91,58059,849,19,1636.06,28222
2026-05-20,Product Demo,Conversions,Vancouver / West,Broad + Interest,Product Demo,349.75,42842,646,14,1183.35,26545
2026-05-20,Product Demo,Conversions,Montreal / East,Broad + Interest,Product Demo,345.52,40723,554,12,1009.06,23348
2026-05-21,Product Demo,Conversions,Toronto / GTA,Broad + Interest,Product Demo,536.31,62728,977,22,1895.03,38883
2026-05-21,Product Demo,Conversions,Vancouver / West,Broad + Interest,Product Demo,351.62,42471,666,13,1132.82,26738
2026-05-21,Product Demo,Conversions,Montreal / East,Broad + Interest,Product Demo,322.83,37994,564,13,1133.25,23187
2026-05-22,Product Demo,Conversions,Toronto / GTA,Broad + Interest,Product Demo,476.1,53566,788,19,1594.12,33653
2026-05-22,Product Demo,Conversions,Vancouver / West,Broad + Interest,Product Demo,333.2,39219,619,14,1187.72,19643
2026-05-22,Product Demo,Conversions,Montreal / East,Broad + Interest,Product Demo,308.39,37288,523,11,917.4,21920
2026-05-23,Product Demo,Conversions,Toronto / GTA,Broad + Interest,Product Demo,488.03,54909,936,20,1736.33,33688
2026-05-23,Product Demo,Conversions,Vancouver / West,Broad + Interest,Product Demo,321.11,37732,576,12,1000.71,18583
2026-05-23,Product Demo,Conversions,Montreal / East,Broad + Interest,Product Demo,295.1,35432,520,10,862.94,22062
2026-05-24,Product Demo,Conversions,Toronto / GTA,Broad + Interest,Product Demo,456.6,50747,790,18,1547.7,24356
2026-05-24,Product Demo,Conversions,Vancouver / West,Broad + Interest,Product Demo,292.42,34943,555,12,1044.18,20357
2026-05-24,Product Demo,Conversions,Montreal / East,Broad + Interest,Product Demo,292.24,35467,562,11,941.43,17913
2026-05-25,Product Demo,Conversions,Toronto / GTA,Broad + Interest,Product Demo,472.07,54926,873,20,1691.42,30642
2026-05-25,Product Demo,Conversions,Vancouver / West,Broad + Interest,Product Demo,322.41,37817,578,12,1004.54,22341
2026-05-25,Product Demo,Conversions,Montreal / East,Broad + Interest,Product Demo,329.82,40145,563,12,994.18,22492
2026-05-26,Product Demo,Conversions,Toronto / GTA,Broad + Interest,Product Demo,465.83,52496,811,19,1581.07,27429
2026-05-26,Product Demo,Conversions,Vancouver / West,Broad + Interest,Product Demo,322.95,39198,567,12,994.97,21624
2026-05-26,Product Demo,Conversions,Montreal / East,Broad + Interest,Product Demo,325.99,38495,544,11,910.19,20941
2026-05-27,Product Demo,Conversions,Toronto / GTA,Broad + Interest,Product Demo,508.83,56550,862,21,1811.33,31811
2026-05-27,Product Demo,Conversions,Vancouver / West,Broad + Interest,Product Demo,304.01,36217,515,12,1046.6,17422
2026-05-27,Product Demo,Conversions,Montreal / East,Broad + Interest,Product Demo,330.08,40345,563,12,1036.27,25277
2026-05-28,Product Demo,Conversions,Toronto / GTA,Broad + Interest,Product Demo,499.65,56883,930,21,1824.59,34988
2026-05-28,Product Demo,Conversions,Vancouver / West,Broad + Interest,Product Demo,316.95,36751,562,12,1029.4,19318
2026-05-28,Product Demo,Conversions,Montreal / East,Broad + Interest,Product Demo,301.82,35403,501,11,919.44,16659
2026-05-29,Product Demo,Conversions,Toronto / GTA,Broad + Interest,Product Demo,464.35,53390,842,19,1618.09,32127
2026-05-29,Product Demo,Conversions,Vancouver / West,Broad + Interest,Product Demo,312.96,37278,544,12,1033.77,18194
2026-05-29,Product Demo,Conversions,Montreal / East,Broad + Interest,Product Demo,326.6,38673,563,13,1072.89,19451
2026-05-30,Product Demo,Conversions,Toronto / GTA,Broad + Interest,Product Demo,443.8,52149,872,21,1736.66,30689
2026-05-30,Product Demo,Conversions,Vancouver / West,Broad + Interest,Product Demo,301.83,36281,563,13,1075.59,19977
2026-05-30,Product Demo,Conversions,Montreal / East,Broad + Interest,Product Demo,290.46,33330,517,11,940.49,19252
2026-05-31,Product Demo,Conversions,Toronto / GTA,Broad + Interest,Product Demo,459.56,52824,836,20,1671.55,27367
2026-05-31,Product Demo,Conversions,Vancouver / West,Broad + Interest,Product Demo,291.53,33109,556,13,1113.35,17824
2026-05-31,Product Demo,Conversions,Montreal / East,Broad + Interest,Product Demo,300.11,34022,541,12,1037.49,17725
2026-06-01,Product Demo,Conversions,Toronto / GTA,Broad + Interest,Product Demo,498.69,58041,883,21,1782.16,35167
2026-06-01,Product Demo,Conversions,Vancouver / West,Broad + Interest,Product Demo,322.18,37284,580,13,1109.14,23297
2026-06-01,Product Demo,Conversions,Montreal / East,Broad + Interest,Product Demo,324.27,39300,537,11,943.23,24270
2026-06-02,Product Demo,Conversions,Toronto / GTA,Broad + Interest,Product Demo,530.45,62028,984,22,1844.02,35839
2026-06-02,Product Demo,Conversions,Vancouver / West,Broad + Interest,Product Demo,337.79,38587,557,12,1033.73,21586
2026-06-02,Product Demo,Conversions,Montreal / East,Broad + Interest,Product Demo,324.76,37110,513,12,990.34,23006
2026-06-03,Product Demo,Conversions,Toronto / GTA,Broad + Interest,Product Demo,543.88,63468,1039,24,2008.49,35968
2026-06-03,Product Demo,Conversions,Vancouver / West,Broad + Interest,Product Demo,325.67,37083,560,12,1012.7,20595
2026-06-03,Product Demo,Conversions,Montreal / East,Broad + Interest,Product Demo,323.88,38845,549,12,995.43,24356
2026-06-04,Product Demo,Conversions,Toronto / GTA,Broad + Interest,Product Demo,519.8,57246,928,21,1775.78,32058
2026-06-04,Product Demo,Conversions,Vancouver / West,Broad + Interest,Product Demo,330.41,40005,583,13,1110.25,21475
2026-06-04,Product Demo,Conversions,Montreal / East,Broad + Interest,Product Demo,319.63,38122,530,12,1019.96,21910
2026-06-05,Product Demo,Conversions,Toronto / GTA,Broad + Interest,Product Demo,539.94,62289,999,25,2143.07,34165
2026-06-05,Product Demo,Conversions,Vancouver / West,Broad + Interest,Product Demo,332.33,38196,550,12,1019.28,23556
2026-06-05,Product Demo,Conversions,Montreal / East,Broad + Interest,Product Demo,339.41,39483,528,11,954.45,24528
2026-06-06,Product Demo,Conversions,Toronto / GTA,Broad + Interest,Product Demo,513.3,56863,930,23,1923.5,33159
2026-06-06,Product Demo,Conversions,Vancouver / West,Broad + Interest,Product Demo,310.26,36484,577,13,1116.06,20746
2026-06-06,Product Demo,Conversions,Montreal / East,Broad + Interest,Product Demo,321.02,37804,537,12,990.13,20970
2026-06-07,Product Demo,Conversions,Toronto / GTA,Broad + Interest,Product Demo,495.03,53938,840,20,1717.75,32308
2026-06-07,Product Demo,Conversions,Vancouver / West,Broad + Interest,Product Demo,349.76,42484,649,13,1084.58,23546
2026-06-07,Product Demo,Conversions,Montreal / East,Broad + Interest,Product Demo,337.57,40468,604,13,1098.77,22678
2026-06-08,Product Demo,Conversions,Toronto / GTA,Broad + Interest,Product Demo,578.07,66859,1055,26,2230.39,40604
2026-06-08,Product Demo,Conversions,Vancouver / West,Broad + Interest,Product Demo,368.87,44855,663,14,1158.31,21150
2026-06-08,Product Demo,Conversions,Montreal / East,Broad + Interest,Product Demo,335.28,39445,552,12,1024.03,23954
2026-06-09,Product Demo,Conversions,Toronto / GTA,Broad + Interest,Product Demo,523.8,59120,863,19,1650.67,36182
2026-06-09,Product Demo,Conversions,Vancouver / West,Broad + Interest,Product Demo,359.66,43906,625,14,1218.51,24594
2026-06-09,Product Demo,Conversions,Montreal / East,Broad + Interest,Product Demo,332.23,37790,521,12,1025.33,22310
2026-06-10,Product Demo,Conversions,Toronto / GTA,Broad + Interest,Product Demo,568.27,64811,950,21,1757.2,39116
2026-06-10,Product Demo,Conversions,Vancouver / West,Broad + Interest,Product Demo,358.25,40851,600,13,1081.13,25661
2026-06-10,Product Demo,Conversions,Montreal / East,Broad + Interest,Product Demo,363.79,42797,638,13,1100.83,25857
2026-06-11,Product Demo,Conversions,Toronto / GTA,Broad + Interest,Product Demo,545.98,60461,985,23,1987.09,28703
2026-06-11,Product Demo,Conversions,Vancouver / West,Broad + Interest,Product Demo,354.79,40158,602,13,1134.25,21649
2026-06-11,Product Demo,Conversions,Montreal / East,Broad + Interest,Product Demo,363.53,42226,566,12,1038.24,24664
2026-06-12,Product Demo,Conversions,Toronto / GTA,Broad + Interest,Product Demo,529.95,61655,976,23,1983.11,32102
2026-06-12,Product Demo,Conversions,Vancouver / West,Broad + Interest,Product Demo,348.31,42667,625,13,1089.74,20958
2026-06-12,Product Demo,Conversions,Montreal / East,Broad + Interest,Product Demo,343.32,40556,576,12,991.01,21358
2026-06-13,Product Demo,Conversions,Toronto / GTA,Broad + Interest,Product Demo,499.55,56070,908,21,1762.71,29832
2026-06-13,Product Demo,Conversions,Vancouver / West,Broad + Interest,Product Demo,326.97,37271,628,15,1280.5,18529
2026-06-13,Product Demo,Conversions,Montreal / East,Broad + Interest,Product Demo,330.96,40095,591,13,1076.04,21633
2026-06-14,Product Demo,Conversions,Toronto / GTA,Broad + Interest,Product Demo,519.17,58803,923,21,1757.86,33518
2026-06-14,Product Demo,Conversions,Vancouver / West,Broad + Interest,Product Demo,347.29,41877,641,14,1222.05,21908
2026-06-14,Product Demo,Conversions,Montreal / East,Broad + Interest,Product Demo,339.92,39041,578,12,1039.31,23718
2026-05-04,Broad Prospecting,Acquisition,Toronto / GTA,Broad Prospecting,Lifestyle,658.43,62104,594,11,972.23,32311
2026-05-04,Broad Prospecting,Acquisition,Vancouver / West,Broad Prospecting,Lifestyle,430.95,39559,366,6,539.71,22238
2026-05-04,Broad Prospecting,Acquisition,Montreal / East,Broad Prospecting,Lifestyle,385.97,37127,344,6,527.49,20799
2026-05-05,Broad Prospecting,Acquisition,Toronto / GTA,Broad Prospecting,Lifestyle,637.83,58197,582,10,924.46,31651
2026-05-05,Broad Prospecting,Acquisition,Vancouver / West,Broad Prospecting,Lifestyle,423.68,40551,376,6,550.33,24221
2026-05-05,Broad Prospecting,Acquisition,Montreal / East,Broad Prospecting,Lifestyle,398.92,37994,345,5,454.28,22205
2026-05-06,Broad Prospecting,Acquisition,Toronto / GTA,Broad Prospecting,Lifestyle,660.57,62626,649,12,1073.57,34511
2026-05-06,Broad Prospecting,Acquisition,Vancouver / West,Broad Prospecting,Lifestyle,439.41,41217,394,7,624.69,25278
2026-05-06,Broad Prospecting,Acquisition,Montreal / East,Broad Prospecting,Lifestyle,409.96,38617,328,6,545.11,20343
2026-05-07,Broad Prospecting,Acquisition,Toronto / GTA,Broad Prospecting,Lifestyle,656.8,62422,646,12,1073.5,36856
2026-05-07,Broad Prospecting,Acquisition,Vancouver / West,Broad Prospecting,Lifestyle,446.53,42765,382,6,540.35,23649
2026-05-07,Broad Prospecting,Acquisition,Montreal / East,Broad Prospecting,Lifestyle,416.61,39440,350,6,548.82,22251
2026-05-08,Broad Prospecting,Acquisition,Toronto / GTA,Broad Prospecting,Lifestyle,651.61,60420,557,9,805.92,37695
2026-05-08,Broad Prospecting,Acquisition,Vancouver / West,Broad Prospecting,Lifestyle,407.26,37466,341,6,538.55,18849
2026-05-08,Broad Prospecting,Acquisition,Montreal / East,Broad Prospecting,Lifestyle,415.71,39667,352,6,534.13,20549
2026-05-09,Broad Prospecting,Acquisition,Toronto / GTA,Broad Prospecting,Lifestyle,641.03,60568,661,12,1091.48,30060
2026-05-09,Broad Prospecting,Acquisition,Vancouver / West,Broad Prospecting,Lifestyle,428.46,41660,407,6,541.94,25969
2026-05-09,Broad Prospecting,Acquisition,Montreal / East,Broad Prospecting,Lifestyle,382.4,36698,338,6,537.8,17419
2026-05-10,Broad Prospecting,Acquisition,Toronto / GTA,Broad Prospecting,Lifestyle,630.15,59138,626,11,1002.16,29742
2026-05-10,Broad Prospecting,Acquisition,Vancouver / West,Broad Prospecting,Lifestyle,419.64,39003,376,6,552.05,19498
2026-05-10,Broad Prospecting,Acquisition,Montreal / East,Broad Prospecting,Lifestyle,389.12,37186,346,6,540.9,21280
2026-05-11,Broad Prospecting,Acquisition,Toronto / GTA,Broad Prospecting,Lifestyle,670.64,60872,602,11,1010.52,34623
2026-05-11,Broad Prospecting,Acquisition,Vancouver / West,Broad Prospecting,Lifestyle,450.72,42230,391,7,614.3,20753
2026-05-11,Broad Prospecting,Acquisition,Montreal / East,Broad Prospecting,Lifestyle,404.39,39122,336,6,540.35,21005
2026-05-12,Broad Prospecting,Acquisition,Toronto / GTA,Broad Prospecting,Lifestyle,635.05,58701,553,10,910.45,33650
2026-05-12,Broad Prospecting,Acquisition,Vancouver / West,Broad Prospecting,Lifestyle,461.1,43722,415,7,622.99,23704
2026-05-12,Broad Prospecting,Acquisition,Montreal / East,Broad Prospecting,Lifestyle,401.71,38694,325,5,458.51,24153
2026-05-13,Broad Prospecting,Acquisition,Toronto / GTA,Broad Prospecting,Lifestyle,663.82,60813,608,11,1010.19,33337
2026-05-13,Broad Prospecting,Acquisition,Vancouver / West,Broad Prospecting,Lifestyle,412.9,40857,400,6,532.71,22717
2026-05-13,Broad Prospecting,Acquisition,Montreal / East,Broad Prospecting,Lifestyle,407.23,38916,358,6,541.61,18995
2026-05-14,Broad Prospecting,Acquisition,Toronto / GTA,Broad Prospecting,Lifestyle,630.79,56521,574,10,917.42,26941
2026-05-14,Broad Prospecting,Acquisition,Vancouver / West,Broad Prospecting,Lifestyle,444.77,42202,424,7,642.48,24908
2026-05-14,Broad Prospecting,Acquisition,Montreal / East,Broad Prospecting,Lifestyle,412.59,37785,336,5,458.55,20413
2026-05-15,Broad Prospecting,Acquisition,Toronto / GTA,Broad Prospecting,Lifestyle,697.1,62460,592,11,995.22,32860
2026-05-15,Broad Prospecting,Acquisition,Vancouver / West,Broad Prospecting,Lifestyle,442.11,41663,380,6,530.49,20961
2026-05-15,Broad Prospecting,Acquisition,Montreal / East,Broad Prospecting,Lifestyle,398.48,38409,334,6,534.29,22379
2026-05-16,Broad Prospecting,Acquisition,Toronto / GTA,Broad Prospecting,Lifestyle,599.57,55947,611,12,1091.62,27147
2026-05-16,Broad Prospecting,Acquisition,Vancouver / West,Broad Prospecting,Lifestyle,425.43,39611,423,8,735.86,19421
2026-05-16,Broad Prospecting,Acquisition,Montreal / East,Broad Prospecting,Lifestyle,410.53,39897,391,7,639.88,23068
2026-05-17,Broad Prospecting,Acquisition,Toronto / GTA,Broad Prospecting,Lifestyle,609.14,55439,564,10,897.41,31677
2026-05-17,Broad Prospecting,Acquisition,Vancouver / West,Broad Prospecting,Lifestyle,417.86,41135,419,7,646.49,21763
2026-05-17,Broad Prospecting,Acquisition,Montreal / East,Broad Prospecting,Lifestyle,411.0,39691,357,6,547.54,23297
2026-05-18,Broad Prospecting,Acquisition,Toronto / GTA,Broad Prospecting,Lifestyle,638.53,57715,555,9,811.67,29138
2026-05-18,Broad Prospecting,Acquisition,Vancouver / West,Broad Prospecting,Lifestyle,416.93,40644,375,7,623.87,22861
2026-05-18,Broad Prospecting,Acquisition,Montreal / East,Broad Prospecting,Lifestyle,413.52,39430,346,6,525.37,19160
2026-05-19,Broad Prospecting,Acquisition,Toronto / GTA,Broad Prospecting,Lifestyle,656.56,60319,563,11,986.51,28356
2026-05-19,Broad Prospecting,Acquisition,Vancouver / West,Broad Prospecting,Lifestyle,438.89,42819,416,7,635.67,21214
2026-05-19,Broad Prospecting,Acquisition,Montreal / East,Broad Prospecting,Lifestyle,427.0,41415,377,6,535.85,25454
2026-05-20,Broad Prospecting,Acquisition,Toronto / GTA,Broad Prospecting,Lifestyle,602.71,55655,532,10,885.64,31995
2026-05-20,Broad Prospecting,Acquisition,Vancouver / West,Broad Prospecting,Lifestyle,421.48,41810,396,6,531.13,24200
2026-05-20,Broad Prospecting,Acquisition,Montreal / East,Broad Prospecting,Lifestyle,377.8,35426,329,6,537.48,17399
2026-05-21,Broad Prospecting,Acquisition,Toronto / GTA,Broad Prospecting,Lifestyle,589.01,54448,547,9,800.93,33265
2026-05-21,Broad Prospecting,Acquisition,Vancouver / West,Broad Prospecting,Lifestyle,389.17,36271,355,6,555.97,17876
2026-05-21,Broad Prospecting,Acquisition,Montreal / East,Broad Prospecting,Lifestyle,398.46,39502,359,6,547.21,22536
2026-05-22,Broad Prospecting,Acquisition,Toronto / GTA,Broad Prospecting,Lifestyle,588.74,54297,543,10,877.68,26392
2026-05-22,Broad Prospecting,Acquisition,Vancouver / West,Broad Prospecting,Lifestyle,414.8,39224,367,7,622.99,19313
2026-05-22,Broad Prospecting,Acquisition,Montreal / East,Broad Prospecting,Lifestyle,382.31,37663,339,6,543.49,22396
2026-05-23,Broad Prospecting,Acquisition,Toronto / GTA,Broad Prospecting,Lifestyle,585.86,52197,557,10,900.96,28788
2026-05-23,Broad Prospecting,Acquisition,Vancouver / West,Broad Prospecting,Lifestyle,386.45,37417,360,6,554.73,20549
2026-05-23,Broad Prospecting,Acquisition,Montreal / East,Broad Prospecting,Lifestyle,349.16,33255,322,5,462.9,20881
2026-05-24,Broad Prospecting,Acquisition,Toronto / GTA,Broad Prospecting,Lifestyle,597.66,56391,616,11,982.01,32666
2026-05-24,Broad Prospecting,Acquisition,Vancouver / West,Broad Prospecting,Lifestyle,383.96,35285,371,6,525.99,18064
2026-05-24,Broad Prospecting,Acquisition,Montreal / East,Broad Prospecting,Lifestyle,343.13,33870,335,6,544.17,18634
2026-05-25,Broad Prospecting,Acquisition,Toronto / GTA,Broad Prospecting,Lifestyle,593.66,53500,497,9,815.64,27520
2026-05-25,Broad Prospecting,Acquisition,Vancouver / West,Broad Prospecting,Lifestyle,384.0,36539,335,6,541.18,19458
2026-05-25,Broad Prospecting,Acquisition,Montreal / East,Broad Prospecting,Lifestyle,389.61,36138,330,5,455.36,21206
2026-05-26,Broad Prospecting,Acquisition,Toronto / GTA,Broad Prospecting,Lifestyle,622.03,59051,549,10,897.48,33506
2026-05-26,Broad Prospecting,Acquisition,Vancouver / West,Broad Prospecting,Lifestyle,382.34,35723,349,6,546.74,20799
2026-05-26,Broad Prospecting,Acquisition,Montreal / East,Broad Prospecting,Lifestyle,366.4,33675,302,5,455.96,16727
2026-05-27,Broad Prospecting,Acquisition,Toronto / GTA,Broad Prospecting,Lifestyle,569.38,50995,485,9,823.19,24207
2026-05-27,Broad Prospecting,Acquisition,Vancouver / West,Broad Prospecting,Lifestyle,404.95,39284,354,6,542.48,18948
2026-05-27,Broad Prospecting,Acquisition,Montreal / East,Broad Prospecting,Lifestyle,379.03,36507,326,5,446.43,18648
2026-05-28,Broad Prospecting,Acquisition,Toronto / GTA,Broad Prospecting,Lifestyle,568.0,51709,519,9,810.43,24668
2026-05-28,Broad Prospecting,Acquisition,Vancouver / West,Broad Prospecting,Lifestyle,407.81,39649,375,6,528.66,24542
2026-05-28,Broad Prospecting,Acquisition,Montreal / East,Broad Prospecting,Lifestyle,397.66,37713,354,6,537.39,19667
2026-05-29,Broad Prospecting,Acquisition,Toronto / GTA,Broad Prospecting,Lifestyle,592.25,53296,507,9,803.82,29330
2026-05-29,Broad Prospecting,Acquisition,Vancouver / West,Broad Prospecting,Lifestyle,410.9,40164,395,7,647.16,19320
2026-05-29,Broad Prospecting,Acquisition,Montreal / East,Broad Prospecting,Lifestyle,380.88,36917,343,6,541.72,17398
2026-05-30,Broad Prospecting,Acquisition,Toronto / GTA,Broad Prospecting,Lifestyle,545.81,49728,509,9,808.25,28080
2026-05-30,Broad Prospecting,Acquisition,Vancouver / West,Broad Prospecting,Lifestyle,370.66,34547,339,6,548.44,17592
2026-05-30,Broad Prospecting,Acquisition,Montreal / East,Broad Prospecting,Lifestyle,340.5,32664,302,5,459.17,19937
2026-05-31,Broad Prospecting,Acquisition,Toronto / GTA,Broad Prospecting,Lifestyle,601.33,57354,612,11,1003.5,27910
2026-05-31,Broad Prospecting,Acquisition,Vancouver / West,Broad Prospecting,Lifestyle,375.11,36489,371,6,556.1,21305
2026-05-31,Broad Prospecting,Acquisition,Montreal / East,Broad Prospecting,Lifestyle,346.89,31960,320,5,455.42,16926
2026-06-01,Broad Prospecting,Acquisition,Toronto / GTA,Broad Prospecting,Lifestyle,646.68,61254,570,10,917.28,29523
2026-06-01,Broad Prospecting,Acquisition,Vancouver / West,Broad Prospecting,Lifestyle,404.16,38692,388,6,532.26,20135
2026-06-01,Broad Prospecting,Acquisition,Montreal / East,Broad Prospecting,Lifestyle,405.28,37988,349,6,532.61,18308
2026-06-02,Broad Prospecting,Acquisition,Toronto / GTA,Broad Prospecting,Lifestyle,596.45,53424,528,9,793.69,29093
2026-06-02,Broad Prospecting,Acquisition,Vancouver / West,Broad Prospecting,Lifestyle,400.72,38055,382,6,533.79,19499
2026-06-02,Broad Prospecting,Acquisition,Montreal / East,Broad Prospecting,Lifestyle,377.39,36954,338,6,546.38,17607
2026-06-03,Broad Prospecting,Acquisition,Toronto / GTA,Broad Prospecting,Lifestyle,651.11,60459,562,10,892.21,33383
2026-06-03,Broad Prospecting,Acquisition,Vancouver / West,Broad Prospecting,Lifestyle,418.81,40667,409,6,536.9,22056
2026-06-03,Broad Prospecting,Acquisition,Montreal / East,Broad Prospecting,Lifestyle,412.05,40044,356,6,528.33,18897
2026-06-04,Broad Prospecting,Acquisition,Toronto / GTA,Broad Prospecting,Lifestyle,658.79,58086,543,10,893.1,33158
2026-06-04,Broad Prospecting,Acquisition,Vancouver / West,Broad Prospecting,Lifestyle,422.4,39966,369,6,524.51,19196
2026-06-04,Broad Prospecting,Acquisition,Montreal / East,Broad Prospecting,Lifestyle,424.68,40630,347,6,550.67,21251
2026-06-05,Broad Prospecting,Acquisition,Toronto / GTA,Broad Prospecting,Lifestyle,606.37,55702,523,9,825.63,29700
2026-06-05,Broad Prospecting,Acquisition,Vancouver / West,Broad Prospecting,Lifestyle,396.64,37230,340,5,441.55,19165
2026-06-05,Broad Prospecting,Acquisition,Montreal / East,Broad Prospecting,Lifestyle,429.04,42441,385,6,533.36,22745
2026-06-06,Broad Prospecting,Acquisition,Toronto / GTA,Broad Prospecting,Lifestyle,614.83,58352,595,10,883.77,35685
2026-06-06,Broad Prospecting,Acquisition,Vancouver / West,Broad Prospecting,Lifestyle,401.66,37857,399,7,648.5,22529
2026-06-06,Broad Prospecting,Acquisition,Montreal / East,Broad Prospecting,Lifestyle,384.09,36450,348,6,540.08,19397
2026-06-07,Broad Prospecting,Acquisition,Toronto / GTA,Broad Prospecting,Lifestyle,594.21,55215,559,11,1006.55,26469
2026-06-07,Broad Prospecting,Acquisition,Vancouver / West,Broad Prospecting,Lifestyle,428.78,40741,428,8,740.48,19801
2026-06-07,Broad Prospecting,Acquisition,Montreal / East,Broad Prospecting,Lifestyle,402.51,39064,388,7,613.21,24588
2026-06-08,Broad Prospecting,Acquisition,Toronto / GTA,Broad Prospecting,Lifestyle,640.78,57097,578,10,918.32,34557
2026-06-08,Broad Prospecting,Acquisition,Vancouver / West,Broad Prospecting,Lifestyle,417.6,39479,389,7,645.65,18733
2026-06-08,Broad Prospecting,Acquisition,Montreal / East,Broad Prospecting,Lifestyle,434.14,39917,359,6,529.9,25071
2026-06-09,Broad Prospecting,Acquisition,Toronto / GTA,Broad Prospecting,Lifestyle,699.28,64077,612,11,965.66,32501
2026-06-09,Broad Prospecting,Acquisition,Vancouver / West,Broad Prospecting,Lifestyle,423.34,40233,359,6,530.33,19750
2026-06-09,Broad Prospecting,Acquisition,Montreal / East,Broad Prospecting,Lifestyle,438.62,40419,376,6,524.51,22791
2026-06-10,Broad Prospecting,Acquisition,Toronto / GTA,Broad Prospecting,Lifestyle,706.73,63329,645,12,1109.84,33550
2026-06-10,Broad Prospecting,Acquisition,Vancouver / West,Broad Prospecting,Lifestyle,464.38,44599,403,7,616.26,22085
2026-06-10,Broad Prospecting,Acquisition,Montreal / East,Broad Prospecting,Lifestyle,453.45,42201,398,7,617.68,26376
2026-06-11,Broad Prospecting,Acquisition,Toronto / GTA,Broad Prospecting,Lifestyle,691.77,61248,620,11,995.28,30505
2026-06-11,Broad Prospecting,Acquisition,Vancouver / West,Broad Prospecting,Lifestyle,432.71,40598,368,6,554.54,25243
2026-06-11,Broad Prospecting,Acquisition,Montreal / East,Broad Prospecting,Lifestyle,426.6,39083,369,6,543.32,24129
2026-06-12,Broad Prospecting,Acquisition,Toronto / GTA,Broad Prospecting,Lifestyle,715.67,67035,661,13,1144.77,39501
2026-06-12,Broad Prospecting,Acquisition,Vancouver / West,Broad Prospecting,Lifestyle,430.06,39436,360,6,526.67,23008
2026-06-12,Broad Prospecting,Acquisition,Montreal / East,Broad Prospecting,Lifestyle,440.47,40691,361,6,531.89,19566
2026-06-13,Broad Prospecting,Acquisition,Toronto / GTA,Broad Prospecting,Lifestyle,619.26,58545,576,10,912.56,36594
2026-06-13,Broad Prospecting,Acquisition,Vancouver / West,Broad Prospecting,Lifestyle,437.25,41666,418,7,614.93,22780
2026-06-13,Broad Prospecting,Acquisition,Montreal / East,Broad Prospecting,Lifestyle,425.63,40052,392,6,526.19,24244
2026-06-14,Broad Prospecting,Acquisition,Toronto / GTA,Broad Prospecting,Lifestyle,620.93,57699,637,11,970.4,30585
2026-06-14,Broad Prospecting,Acquisition,Vancouver / West,Broad Prospecting,Lifestyle,428.73,40678,433,7,633.55,23113
2026-06-14,Broad Prospecting,Acquisition,Montreal / East,Broad Prospecting,Lifestyle,406.15,40188,405,6,552.63,19899
2026-05-04,UGC Story,Conversions,Toronto / GTA,Lookalike 2%,UGC Story,358.14,45214,740,18,1495.66,26531
2026-05-04,UGC Story,Conversions,Vancouver / West,Lookalike 2%,UGC Story,239.51,31253,499,10,823.53,18889
2026-05-04,UGC Story,Conversions,Montreal / East,Lookalike 2%,UGC Story,230.48,29881,460,10,827.97,16914
2026-05-05,UGC Story,Conversions,Toronto / GTA,Lookalike 2%,UGC Story,367.16,47047,768,17,1359.03,28464
2026-05-05,UGC Story,Conversions,Vancouver / West,Lookalike 2%,UGC Story,243.83,31519,519,11,879.87,17558
2026-05-05,UGC Story,Conversions,Montreal / East,Lookalike 2%,UGC Story,234.3,29140,445,9,727.52,15864
2026-05-06,UGC Story,Conversions,Toronto / GTA,Lookalike 2%,UGC Story,372.8,46824,754,18,1490.83,22649
2026-05-06,UGC Story,Conversions,Vancouver / West,Lookalike 2%,UGC Story,247.83,31668,552,12,987.16,19144
2026-05-06,UGC Story,Conversions,Montreal / East,Lookalike 2%,UGC Story,255.85,33016,515,12,982.51,20175
2026-05-07,UGC Story,Conversions,Toronto / GTA,Lookalike 2%,UGC Story,388.58,49571,883,21,1722.22,30440
2026-05-07,UGC Story,Conversions,Vancouver / West,Lookalike 2%,UGC Story,264.54,33440,560,11,915.92,16642
2026-05-07,UGC Story,Conversions,Montreal / East,Lookalike 2%,UGC Story,263.61,32567,524,11,897.85,20456
2026-05-08,UGC Story,Conversions,Toronto / GTA,Lookalike 2%,UGC Story,390.35,46279,798,19,1535.37,28495
2026-05-08,UGC Story,Conversions,Vancouver / West,Lookalike 2%,UGC Story,270.58,35934,585,13,1054.88,18477
2026-05-08,UGC Story,Conversions,Montreal / East,Lookalike 2%,UGC Story,250.25,31152,500,11,903.22,16733
2026-05-09,UGC Story,Conversions,Toronto / GTA,Lookalike 2%,UGC Story,369.32,46846,861,21,1767.42,28950
2026-05-09,UGC Story,Conversions,Vancouver / West,Lookalike 2%,UGC Story,246.34,32623,561,12,974.78,17478
2026-05-09,UGC Story,Conversions,Montreal / East,Lookalike 2%,UGC Story,235.21,30190,508,10,808.95,14884
2026-05-10,UGC Story,Conversions,Toronto / GTA,Lookalike 2%,UGC Story,380.22,46156,793,19,1542.25,23448
2026-05-10,UGC Story,Conversions,Vancouver / West,Lookalike 2%,UGC Story,253.18,31401,581,12,1002.74,16281
2026-05-10,UGC Story,Conversions,Montreal / East,Lookalike 2%,UGC Story,233.63,29972,510,10,838.15,14731
2026-05-11,UGC Story,Conversions,Toronto / GTA,Lookalike 2%,UGC Story,423.03,52388,925,21,1713.4,30033
2026-05-11,UGC Story,Conversions,Vancouver / West,Lookalike 2%,UGC Story,252.44,33129,568,13,1082.6,20167
2026-05-11,UGC Story,Conversions,Montreal / East,Lookalike 2%,UGC Story,265.75,34029,506,11,902.37,16732
2026-05-12,UGC Story,Conversions,Toronto / GTA,Lookalike 2%,UGC Story,417.74,49980,801,18,1505.48,30184
2026-05-12,UGC Story,Conversions,Vancouver / West,Lookalike 2%,UGC Story,254.75,32774,568,13,1051.54,19722
2026-05-12,UGC Story,Conversions,Montreal / East,Lookalike 2%,UGC Story,256.43,32523,482,10,813.73,18377
2026-05-13,UGC Story,Conversions,Toronto / GTA,Lookalike 2%,UGC Story,385.04,46099,791,18,1446.2,28264
2026-05-13,UGC Story,Conversions,Vancouver / West,Lookalike 2%,UGC Story,270.28,34136,549,12,964.1,19169
2026-05-13,UGC Story,Conversions,Montreal / East,Lookalike 2%,UGC Story,270.35,33698,532,12,970.37,18046
2026-05-14,UGC Story,Conversions,Toronto / GTA,Lookalike 2%,UGC Story,376.35,45376,796,17,1428.42,26027
2026-05-14,UGC Story,Conversions,Vancouver / West,Lookalike 2%,UGC Story,264.84,35343,566,13,1053.56,22080
2026-05-14,UGC Story,Conversions,Montreal / East,Lookalike 2%,UGC Story,259.68,33497,512,11,888.58,18245
2026-05-15,UGC Story,Conversions,Toronto / GTA,Lookalike 2%,UGC Story,405.79,48758,818,18,1477.02,28083
2026-05-15,UGC Story,Conversions,Vancouver / West,Lookalike 2%,UGC Story,271.07,35106,589,13,1053.11,17107
2026-05-15,UGC Story,Conversions,Montreal / East,Lookalike 2%,UGC Story,240.73,29702,469,11,889.07,17339
2026-05-16,UGC Story,Conversions,Toronto / GTA,Lookalike 2%,UGC Story,388.88,48723,849,21,1763.3,29179
2026-05-16,UGC Story,Conversions,Vancouver / West,Lookalike 2%,UGC Story,252.18,32074,577,13,1080.15,18438
2026-05-16,UGC Story,Conversions,Montreal / East,Lookalike 2%,UGC Story,251.61,32891,541,12,956.57,19185
2026-05-17,UGC Story,Conversions,Toronto / GTA,Lookalike 2%,UGC Story,371.43,46953,877,20,1643.41,27964
2026-05-17,UGC Story,Conversions,Vancouver / West,Lookalike 2%,UGC Story,253.06,32003,566,13,1087.79,19529
2026-05-17,UGC Story,Conversions,Montreal / East,Lookalike 2%,UGC Story,226.42,29994,476,10,835.17,17758
2026-05-18,UGC Story,Conversions,Toronto / GTA,Lookalike 2%,UGC Story,372.72,45296,754,17,1381.9,26683
2026-05-18,UGC Story,Conversions,Vancouver / West,Lookalike 2%,UGC Story,248.0,31078,502,11,890.85,18839
2026-05-18,UGC Story,Conversions,Montreal / East,Lookalike 2%,UGC Story,246.83,30744,482,11,878.79,18825
2026-05-19,UGC Story,Conversions,Toronto / GTA,Lookalike 2%,UGC Story,383.37,45910,769,18,1436.51,27853
2026-05-19,UGC Story,Conversions,Vancouver / West,Lookalike 2%,UGC Story,240.25,31558,515,11,924.01,17143
2026-05-19,UGC Story,Conversions,Montreal / East,Lookalike 2%,UGC Story,239.68,30207,484,11,909.09,15052
2026-05-20,UGC Story,Conversions,Toronto / GTA,Lookalike 2%,UGC Story,385.24,49449,817,20,1607.39,29290
2026-05-20,UGC Story,Conversions,Vancouver / West,Lookalike 2%,UGC Story,248.1,31151,489,11,909.22,16652
2026-05-20,UGC Story,Conversions,Montreal / East,Lookalike 2%,UGC Story,255.91,33118,485,10,813.76,15640
2026-05-21,UGC Story,Conversions,Toronto / GTA,Lookalike 2%,UGC Story,366.94,44059,721,17,1404.6,22462
2026-05-21,UGC Story,Conversions,Vancouver / West,Lookalike 2%,UGC Story,251.37,32634,514,11,906.8,16210
2026-05-21,UGC Story,Conversions,Montreal / East,Lookalike 2%,UGC Story,249.02,32449,491,11,907.22,17005
2026-05-22,UGC Story,Conversions,Toronto / GTA,Lookalike 2%,UGC Story,388.26,46037,767,19,1544.84,23025
2026-05-22,UGC Story,Conversions,Vancouver / West,Lookalike 2%,UGC Story,256.15,31777,518,11,914.29,15602
2026-05-22,UGC Story,Conversions,Montreal / East,Lookalike 2%,UGC Story,243.84,31039,463,10,827.41,14774
2026-05-23,UGC Story,Conversions,Toronto / GTA,Lookalike 2%,UGC Story,361.45,45445,830,18,1519.81,26172
2026-05-23,UGC Story,Conversions,Vancouver / West,Lookalike 2%,UGC Story,230.77,30767,556,12,976.93,17155
2026-05-23,UGC Story,Conversions,Montreal / East,Lookalike 2%,UGC Story,220.41,29064,494,11,891.24,16737
2026-05-24,UGC Story,Conversions,Toronto / GTA,Lookalike 2%,UGC Story,349.68,43915,809,18,1505.28,21377
2026-05-24,UGC Story,Conversions,Vancouver / West,Lookalike 2%,UGC Story,230.64,30502,514,11,885.69,15311
2026-05-24,UGC Story,Conversions,Montreal / East,Lookalike 2%,UGC Story,213.05,27263,437,10,809.93,12986
2026-05-25,UGC Story,Conversions,Toronto / GTA,Lookalike 2%,UGC Story,361.95,45688,817,19,1511.52,26383
2026-05-25,UGC Story,Conversions,Vancouver / West,Lookalike 2%,UGC Story,248.85,31070,523,11,879.82,17147
2026-05-25,UGC Story,Conversions,Montreal / East,Lookalike 2%,UGC Story,237.71,31480,474,10,844.04,16287
2026-05-26,UGC Story,Conversions,Toronto / GTA,Lookalike 2%,UGC Story,359.03,45722,746,17,1376.48,27353
2026-05-26,UGC Story,Conversions,Vancouver / West,Lookalike 2%,UGC Story,230.95,29054,456,11,877.42,17616
2026-05-26,UGC Story,Conversions,Montreal / East,Lookalike 2%,UGC Story,235.04,30949,472,10,825.99,18896
2026-05-27,UGC Story,Conversions,Toronto / GTA,Lookalike 2%,UGC Story,342.31,41161,673,16,1348.39,21136
2026-05-27,UGC Story,Conversions,Vancouver / West,Lookalike 2%,UGC Story,232.58,29004,496,11,918.07,14157
2026-05-27,UGC Story,Conversions,Montreal / East,Lookalike 2%,UGC Story,235.5,31297,511,11,897.46,17668
2026-05-28,UGC Story,Conversions,Toronto / GTA,Lookalike 2%,UGC Story,373.17,45354,741,17,1382.17,21525
2026-05-28,UGC Story,Conversions,Vancouver / West,Lookalike 2%,UGC Story,241.17,30104,525,11,924.75,14693
2026-05-28,UGC Story,Conversions,Montreal / East,Lookalike 2%,UGC Story,227.77,30302,457,10,830.06,17529
2026-05-29,UGC Story,Conversions,Toronto / GTA,Lookalike 2%,UGC Story,372.81,45678,782,20,1656.71,23941
2026-05-29,UGC Story,Conversions,Vancouver / West,Lookalike 2%,UGC Story,237.33,29947,470,11,888.39,15732
2026-05-29,UGC Story,Conversions,Montreal / East,Lookalike 2%,UGC Story,235.82,30514,493,11,928.4,14608
2026-05-30,UGC Story,Conversions,Toronto / GTA,Lookalike 2%,UGC Story,347.7,44072,835,21,1760.17,21242
2026-05-30,UGC Story,Conversions,Vancouver / West,Lookalike 2%,UGC Story,223.75,29293,547,11,886.99,16783
2026-05-30,UGC Story,Conversions,Montreal / East,Lookalike 2%,UGC Story,216.0,28292,468,11,899.19,17175
2026-05-31,UGC Story,Conversions,Toronto / GTA,Lookalike 2%,UGC Story,342.24,43516,791,19,1520.86,23323
2026-05-31,UGC Story,Conversions,Vancouver / West,Lookalike 2%,UGC Story,227.22,30345,510,12,991.03,15741
2026-05-31,UGC Story,Conversions,Montreal / East,Lookalike 2%,UGC Story,220.42,28937,491,12,975.93,13852
2026-06-01,UGC Story,Conversions,Toronto / GTA,Lookalike 2%,UGC Story,357.13,44186,756,18,1473.62,25413
2026-06-01,UGC Story,Conversions,Vancouver / West,Lookalike 2%,UGC Story,248.32,32850,559,12,974.63,19801
2026-06-01,UGC Story,Conversions,Montreal / East,Lookalike 2%,UGC Story,249.34,32507,506,12,957.18,16132
2026-06-02,UGC Story,Conversions,Toronto / GTA,Lookalike 2%,UGC Story,357.33,43298,755,17,1403.27,21649
2026-06-02,UGC Story,Conversions,Vancouver / West,Lookalike 2%,UGC Story,257.32,33275,546,13,1079.87,16213
2026-06-02,UGC Story,Conversions,Montreal / East,Lookalike 2%,UGC Story,236.3,29295,473,11,916.73,15880
2026-06-03,UGC Story,Conversions,Toronto / GTA,Lookalike 2%,UGC Story,385.08,45799,744,18,1478.69,21881
2026-06-03,UGC Story,Conversions,Vancouver / West,Lookalike 2%,UGC Story,260.54,32521,535,12,1008.87,16207
2026-06-03,UGC Story,Conversions,Montreal / East,Lookalike 2%,UGC Story,243.87,30699,455,10,824.95,18764
2026-06-04,UGC Story,Conversions,Toronto / GTA,Lookalike 2%,UGC Story,382.78,47626,856,22,1832.4,24469
2026-06-04,UGC Story,Conversions,Vancouver / West,Lookalike 2%,UGC Story,264.63,32696,536,11,897.28,19029
2026-06-04,UGC Story,Conversions,Montreal / East,Lookalike 2%,UGC Story,251.89,32821,522,12,996.51,20339
2026-06-05,UGC Story,Conversions,Toronto / GTA,Lookalike 2%,UGC Story,393.53,49701,857,20,1624.78,28706
2026-06-05,UGC Story,Conversions,Vancouver / West,Lookalike 2%,UGC Story,268.47,34011,592,13,1078.43,17739
2026-06-05,UGC Story,Conversions,Montreal / East,Lookalike 2%,UGC Story,236.22,30647,474,11,911.05,16451
2026-06-06,UGC Story,Conversions,Toronto / GTA,Lookalike 2%,UGC Story,379.95,45593,808,20,1670.34,25242
2026-06-06,UGC Story,Conversions,Vancouver / West,Lookalike 2%,UGC Story,227.99,30083,542,12,998.77,14914
2026-06-06,UGC Story,Conversions,Montreal / East,Lookalike 2%,UGC Story,229.85,30068,520,12,971.91,17757
2026-06-07,UGC Story,Conversions,Toronto / GTA,Lookalike 2%,UGC Story,352.16,42349,734,19,1580.39,25764
2026-06-07,UGC Story,Conversions,Vancouver / West,Lookalike 2%,UGC Story,251.58,32096,549,13,1085.11,16562
2026-06-07,UGC Story,Conversions,Montreal / East,Lookalike 2%,UGC Story,243.24,30156,494,12,1012.09,15682
2026-06-08,UGC Story,Conversions,Toronto / GTA,Lookalike 2%,UGC Story,402.87,51677,852,21,1751.03,31483
2026-06-08,UGC Story,Conversions,Vancouver / West,Lookalike 2%,UGC Story,272.72,33850,572,13,1082.32,18870
2026-06-08,UGC Story,Conversions,Montreal / East,Lookalike 2%,UGC Story,259.14,32505,533,12,964.96,18828
2026-06-09,UGC Story,Conversions,Toronto / GTA,Lookalike 2%,UGC Story,388.56,49182,837,20,1632.97,27495
2026-06-09,UGC Story,Conversions,Vancouver / West,Lookalike 2%,UGC Story,252.79,32192,516,11,913.35,15928
2026-06-09,UGC Story,Conversions,Montreal / East,Lookalike 2%,UGC Story,247.38,32172,472,11,908.26,18528
2026-06-10,UGC Story,Conversions,Toronto / GTA,Lookalike 2%,UGC Story,405.9,49748,831,21,1703.18,25132
2026-06-10,UGC Story,Conversions,Vancouver / West,Lookalike 2%,UGC Story,256.16,34016,562,13,1068.37,16488
2026-06-10,UGC Story,Conversions,Montreal / East,Lookalike 2%,UGC Story,251.1,32948,501,11,886.76,19453
2026-06-11,UGC Story,Conversions,Toronto / GTA,Lookalike 2%,UGC Story,409.68,48574,857,22,1750.83,28029
2026-06-11,UGC Story,Conversions,Vancouver / West,Lookalike 2%,UGC Story,265.71,32998,552,13,1095.35,19113
2026-06-11,UGC Story,Conversions,Montreal / East,Lookalike 2%,UGC Story,255.36,31684,518,11,904.18,16325
2026-06-12,UGC Story,Conversions,Toronto / GTA,Lookalike 2%,UGC Story,429.35,51598,863,22,1798.11,24613
2026-06-12,UGC Story,Conversions,Vancouver / West,Lookalike 2%,UGC Story,280.9,36921,610,15,1205.45,23002
2026-06-12,UGC Story,Conversions,Montreal / East,Lookalike 2%,UGC Story,262.77,35071,516,12,1000.15,21337
2026-06-13,UGC Story,Conversions,Toronto / GTA,Lookalike 2%,UGC Story,381.64,48586,888,22,1855.55,28862
2026-06-13,UGC Story,Conversions,Vancouver / West,Lookalike 2%,UGC Story,256.79,31803,578,13,1063.39,16635
2026-06-13,UGC Story,Conversions,Montreal / East,Lookalike 2%,UGC Story,234.04,31115,535,12,988.43,15757
2026-06-14,UGC Story,Conversions,Toronto / GTA,Lookalike 2%,UGC Story,373.23,46425,858,21,1672.09,26821
2026-06-14,UGC Story,Conversions,Vancouver / West,Lookalike 2%,UGC Story,252.9,32060,574,14,1153.9,18663
2026-06-14,UGC Story,Conversions,Montreal / East,Lookalike 2%,UGC Story,233.13,28898,457,11,891.25,13982
2026-05-04,Offer Test,Conversions,Toronto / GTA,Value Seekers,Offer Test,355.03,42886,589,18,1401.81,23817
2026-05-04,Offer Test,Conversions,Vancouver / West,Value Seekers,Offer Test,215.61,27189,380,10,801.53,13406
2026-05-04,Offer Test,Conversions,Montreal / East,Value Seekers,Offer Test,224.66,27181,357,10,774.06,16904
2026-05-05,Offer Test,Conversions,Toronto / GTA,Value Seekers,Offer Test,350.67,41962,557,15,1176.79,23329
2026-05-05,Offer Test,Conversions,Vancouver / West,Value Seekers,Offer Test,240.54,30545,425,12,927.23,16373
2026-05-05,Offer Test,Conversions,Montreal / East,Value Seekers,Offer Test,226.66,28304,345,9,716.1,14183
2026-05-06,Offer Test,Conversions,Toronto / GTA,Value Seekers,Offer Test,339.13,39806,577,18,1440.42,25042
2026-05-06,Offer Test,Conversions,Vancouver / West,Value Seekers,Offer Test,229.97,28632,377,10,761.2,16781
2026-05-06,Offer Test,Conversions,Montreal / East,Value Seekers,Offer Test,225.08,28521,346,10,761.28,16232
2026-05-07,Offer Test,Conversions,Toronto / GTA,Value Seekers,Offer Test,373.59,45567,630,19,1464.72,25676
2026-05-07,Offer Test,Conversions,Vancouver / West,Value Seekers,Offer Test,235.41,29749,393,11,832.51,15154
2026-05-07,Offer Test,Conversions,Montreal / East,Value Seekers,Offer Test,220.28,27017,340,10,762.89,15866
2026-05-08,Offer Test,Conversions,Toronto / GTA,Value Seekers,Offer Test,376.19,45350,620,18,1408.35,22590
2026-05-08,Offer Test,Conversions,Vancouver / West,Value Seekers,Offer Test,238.82,29057,409,11,859.99,14881
2026-05-08,Offer Test,Conversions,Montreal / East,Value Seekers,Offer Test,240.74,31148,375,10,780.34,14795
2026-05-09,Offer Test,Conversions,Toronto / GTA,Value Seekers,Offer Test,344.7,41747,628,20,1564.83,23251
2026-05-09,Offer Test,Conversions,Vancouver / West,Value Seekers,Offer Test,237.05,29697,443,12,920.46,17626
2026-05-09,Offer Test,Conversions,Montreal / East,Value Seekers,Offer Test,224.34,28519,386,11,852.69,15695
2026-05-10,Offer Test,Conversions,Toronto / GTA,Value Seekers,Offer Test,350.04,40933,632,19,1452.29,22606
2026-05-10,Offer Test,Conversions,Vancouver / West,Value Seekers,Offer Test,223.51,28675,437,12,962.27,16854
2026-05-10,Offer Test,Conversions,Montreal / East,Value Seekers,Offer Test,219.07,27696,364,10,759.54,14654
2026-05-11,Offer Test,Conversions,Toronto / GTA,Value Seekers,Offer Test,346.06,42593,621,18,1401.45,23117
2026-05-11,Offer Test,Conversions,Vancouver / West,Value Seekers,Offer Test,226.85,27306,361,10,781.0,16459
2026-05-11,Offer Test,Conversions,Montreal / East,Value Seekers,Offer Test,243.49,31024,396,10,787.19,16395
2026-05-12,Offer Test,Conversions,Toronto / GTA,Value Seekers,Offer Test,373.43,43710,609,18,1438.31,24155
2026-05-12,Offer Test,Conversions,Vancouver / West,Value Seekers,Offer Test,236.02,28659,386,11,863.36,15771
2026-05-12,Offer Test,Conversions,Montreal / East,Value Seekers,Offer Test,224.27,28804,347,10,766.5,14399
2026-05-13,Offer Test,Conversions,Toronto / GTA,Value Seekers,Offer Test,360.34,42570,565,16,1271.3,24914
2026-05-13,Offer Test,Conversions,Vancouver / West,Value Seekers,Offer Test,239.54,29993,391,10,795.6,14204
2026-05-13,Offer Test,Conversions,Montreal / East,Value Seekers,Offer Test,221.4,27514,335,9,682.59,15451
2026-05-14,Offer Test,Conversions,Toronto / GTA,Value Seekers,Offer Test,345.84,42387,567,18,1412.37,23744
2026-05-14,Offer Test,Conversions,Vancouver / West,Value Seekers,Offer Test,225.53,27705,381,10,760.61,15013
2026-05-14,Offer Test,Conversions,Montreal / East,Value Seekers,Offer Test,247.36,30037,366,11,863.19,17936
2026-05-15,Offer Test,Conversions,Toronto / GTA,Value Seekers,Offer Test,377.45,46552,659,19,1501.93,24432
2026-05-15,Offer Test,Conversions,Vancouver / West,Value Seekers,Offer Test,236.83,29391,384,11,837.85,14765
2026-05-15,Offer Test,Conversions,Montreal / East,Value Seekers,Offer Test,242.4,30290,381,10,761.11,16543
2026-05-16,Offer Test,Conversions,Toronto / GTA,Value Seekers,Offer Test,344.42,42981,661,20,1524.2,23517
2026-05-16,Offer Test,Conversions,Vancouver / West,Value Seekers,Offer Test,212.73,26373,396,12,951.44,15135
2026-05-16,Offer Test,Conversions,Montreal / East,Value Seekers,Offer Test,217.78,27507,353,10,767.34,16459
2026-05-17,Offer Test,Conversions,Toronto / GTA,Value Seekers,Offer Test,348.57,42297,636,20,1584.48,24595
2026-05-17,Offer Test,Conversions,Vancouver / West,Value Seekers,Offer Test,210.07,27051,390,10,796.8,13940
2026-05-17,Offer Test,Conversions,Montreal / East,Value Seekers,Offer Test,225.1,28345,371,11,872.9,15943
2026-05-18,Offer Test,Conversions,Toronto / GTA,Value Seekers,Offer Test,338.18,42315,599,18,1388.49,22341
2026-05-18,Offer Test,Conversions,Vancouver / West,Value Seekers,Offer Test,222.62,27494,360,11,854.06,14531
2026-05-18,Offer Test,Conversions,Montreal / East,Value Seekers,Offer Test,220.49,27169,356,10,793.28,14867
2026-05-19,Offer Test,Conversions,Toronto / GTA,Value Seekers,Offer Test,345.22,41311,557,16,1236.35,24079
2026-05-19,Offer Test,Conversions,Vancouver / West,Value Seekers,Offer Test,236.28,28719,395,11,855.25,16711
2026-05-19,Offer Test,Conversions,Montreal / East,Value Seekers,Offer Test,215.1,27516,345,9,704.13,16001
2026-05-20,Offer Test,Conversions,Toronto / GTA,Value Seekers,Offer Test,355.41,43910,644,18,1369.55,21659
2026-05-20,Offer Test,Conversions,Vancouver / West,Value Seekers,Offer Test,238.85,30011,384,10,760.35,14286
2026-05-20,Offer Test,Conversions,Montreal / East,Value Seekers,Offer Test,218.64,26311,339,9,710.91,14881
2026-05-21,Offer Test,Conversions,Toronto / GTA,Value Seekers,Offer Test,361.33,42344,598,18,1378.87,24352
2026-05-21,Offer Test,Conversions,Vancouver / West,Value Seekers,Offer Test,232.93,29623,377,11,858.81,15021
2026-05-21,Offer Test,Conversions,Montreal / East,Value Seekers,Offer Test,210.58,27337,336,9,687.57,17208
2026-05-22,Offer Test,Conversions,Toronto / GTA,Value Seekers,Offer Test,350.76,42660,585,18,1405.49,25080
2026-05-22,Offer Test,Conversions,Vancouver / West,Value Seekers,Offer Test,210.85,27250,358,11,879.36,14325
2026-05-22,Offer Test,Conversions,Montreal / East,Value Seekers,Offer Test,229.03,29149,375,10,800.11,16381
2026-05-23,Offer Test,Conversions,Toronto / GTA,Value Seekers,Offer Test,307.28,37209,528,15,1155.56,23126
2026-05-23,Offer Test,Conversions,Vancouver / West,Value Seekers,Offer Test,214.81,25905,391,12,940.21,15053
2026-05-23,Offer Test,Conversions,Montreal / East,Value Seekers,Offer Test,213.56,26560,373,11,881.74,14433
2026-05-24,Offer Test,Conversions,Toronto / GTA,Value Seekers,Offer Test,312.28,37275,523,15,1139.64,21298
2026-05-24,Offer Test,Conversions,Vancouver / West,Value Seekers,Offer Test,217.78,26842,375,10,801.31,14834
2026-05-24,Offer Test,Conversions,Montreal / East,Value Seekers,Offer Test,188.79,22988,303,8,630.5,13824
2026-05-25,Offer Test,Conversions,Toronto / GTA,Value Seekers,Offer Test,314.39,36527,506,15,1197.68,18740
2026-05-25,Offer Test,Conversions,Vancouver / West,Value Seekers,Offer Test,228.69,28173,399,11,842.54,16556
2026-05-25,Offer Test,Conversions,Montreal / East,Value Seekers,Offer Test,221.25,28320,347,9,707.0,14017
2026-05-26,Offer Test,Conversions,Toronto / GTA,Value Seekers,Offer Test,314.27,36545,519,16,1256.52,21645
2026-05-26,Offer Test,Conversions,Vancouver / West,Value Seekers,Offer Test,217.2,28182,380,11,857.61,17689
2026-05-26,Offer Test,Conversions,Montreal / East,Value Seekers,Offer Test,220.92,26824,340,10,799.47,13810
2026-05-27,Offer Test,Conversions,Toronto / GTA,Value Seekers,Offer Test,318.24,38017,500,16,1246.38,21157
2026-05-27,Offer Test,Conversions,Vancouver / West,Value Seekers,Offer Test,215.78,27203,375,10,802.3,15825
2026-05-27,Offer Test,Conversions,Montreal / East,Value Seekers,Offer Test,209.47,25793,308,8,627.03,13466
2026-05-28,Offer Test,Conversions,Toronto / GTA,Value Seekers,Offer Test,333.87,40915,572,17,1323.72,23244
2026-05-28,Offer Test,Conversions,Vancouver / West,Value Seekers,Offer Test,212.37,26549,346,10,774.02,16107
2026-05-28,Offer Test,Conversions,Montreal / East,Value Seekers,Offer Test,205.03,26302,319,9,690.57,12782
2026-05-29,Offer Test,Conversions,Toronto / GTA,Value Seekers,Offer Test,321.31,39452,544,16,1221.48,24597
2026-05-29,Offer Test,Conversions,Vancouver / West,Value Seekers,Offer Test,207.4,25306,328,9,722.87,15333
2026-05-29,Offer Test,Conversions,Montreal / East,Value Seekers,Offer Test,211.68,26001,341,9,704.62,14583
2026-05-30,Offer Test,Conversions,Toronto / GTA,Value Seekers,Offer Test,308.88,36567,515,16,1246.24,20872
2026-05-30,Offer Test,Conversions,Vancouver / West,Value Seekers,Offer Test,203.65,25797,367,11,880.23,13188
2026-05-30,Offer Test,Conversions,Montreal / East,Value Seekers,Offer Test,188.39,24284,345,10,765.91,13651
2026-05-31,Offer Test,Conversions,Toronto / GTA,Value Seekers,Offer Test,320.71,39577,609,18,1418.59,21688
2026-05-31,Offer Test,Conversions,Vancouver / West,Value Seekers,Offer Test,212.3,25736,367,10,786.16,12692
2026-05-31,Offer Test,Conversions,Montreal / East,Value Seekers,Offer Test,193.39,23594,314,9,705.02,14294
2026-06-01,Offer Test,Conversions,Toronto / GTA,Value Seekers,Offer Test,320.55,39598,532,16,1232.38,20306
2026-06-01,Offer Test,Conversions,Vancouver / West,Value Seekers,Offer Test,225.26,28683,385,12,928.32,16175
2026-06-01,Offer Test,Conversions,Montreal / East,Value Seekers,Offer Test,228.11,28712,351,9,711.59,16536
2026-06-02,Offer Test,Conversions,Toronto / GTA,Value Seekers,Offer Test,359.67,42547,562,16,1218.27,20431
2026-06-02,Offer Test,Conversions,Vancouver / West,Value Seekers,Offer Test,234.01,29138,371,10,792.4,14083
2026-06-02,Offer Test,Conversions,Montreal / East,Value Seekers,Offer Test,212.18,27274,353,11,848.19,13898
2026-06-03,Offer Test,Conversions,Toronto / GTA,Value Seekers,Offer Test,336.73,40067,532,17,1288.49,23085
2026-06-03,Offer Test,Conversions,Vancouver / West,Value Seekers,Offer Test,236.3,29956,403,12,938.28,15385
2026-06-03,Offer Test,Conversions,Montreal / East,Value Seekers,Offer Test,219.54,26449,344,9,706.11,15102
2026-06-04,Offer Test,Conversions,Toronto / GTA,Value Seekers,Offer Test,355.69,42533,593,19,1465.08,22353
2026-06-04,Offer Test,Conversions,Vancouver / West,Value Seekers,Offer Test,230.41,28116,377,11,845.63,14580
2026-06-04,Offer Test,Conversions,Montreal / East,Value Seekers,Offer Test,210.33,25644,339,9,700.7,12087
2026-06-05,Offer Test,Conversions,Toronto / GTA,Value Seekers,Offer Test,372.3,43203,599,17,1320.47,22330
2026-06-05,Offer Test,Conversions,Vancouver / West,Value Seekers,Offer Test,224.69,29239,389,11,861.12,15589
2026-06-05,Offer Test,Conversions,Montreal / East,Value Seekers,Offer Test,217.39,26668,334,9,692.02,14336
2026-06-06,Offer Test,Conversions,Toronto / GTA,Value Seekers,Offer Test,326.98,38486,601,19,1498.42,19841
2026-06-06,Offer Test,Conversions,Vancouver / West,Value Seekers,Offer Test,227.6,27765,397,12,918.16,14336
2026-06-06,Offer Test,Conversions,Montreal / East,Value Seekers,Offer Test,219.33,27161,359,10,765.39,12850
2026-06-07,Offer Test,Conversions,Toronto / GTA,Value Seekers,Offer Test,322.86,38697,554,16,1230.72,22616
2026-06-07,Offer Test,Conversions,Vancouver / West,Value Seekers,Offer Test,229.73,29343,406,12,927.12,15254
2026-06-07,Offer Test,Conversions,Montreal / East,Value Seekers,Offer Test,226.04,27173,368,11,849.26,16439
2026-06-08,Offer Test,Conversions,Toronto / GTA,Value Seekers,Offer Test,386.09,48115,691,20,1557.21,24094
2026-06-08,Offer Test,Conversions,Vancouver / West,Value Seekers,Offer Test,249.81,30453,427,12,951.06,15526
2026-06-08,Offer Test,Conversions,Montreal / East,Value Seekers,Offer Test,241.77,30360,396,11,855.98,18014
2026-06-09,Offer Test,Conversions,Toronto / GTA,Value Seekers,Offer Test,370.25,42849,594,19,1465.29,22354
2026-06-09,Offer Test,Conversions,Vancouver / West,Value Seekers,Offer Test,245.73,31885,453,13,998.99,18243
2026-06-09,Offer Test,Conversions,Montreal / East,Value Seekers,Offer Test,227.57,27591,366,10,761.89,15762
2026-06-10,Offer Test,Conversions,Toronto / GTA,Value Seekers,Offer Test,363.9,44934,608,18,1428.36,21183
2026-06-10,Offer Test,Conversions,Vancouver / West,Value Seekers,Offer Test,230.18,28134,379,11,851.38,13626
2026-06-10,Offer Test,Conversions,Montreal / East,Value Seekers,Offer Test,227.89,29449,379,11,883.58,16787
2026-06-11,Offer Test,Conversions,Toronto / GTA,Value Seekers,Offer Test,353.68,42023,598,19,1448.73,21315
2026-06-11,Offer Test,Conversions,Vancouver / West,Value Seekers,Offer Test,258.8,31621,440,13,1010.27,15838
2026-06-11,Offer Test,Conversions,Montreal / East,Value Seekers,Offer Test,244.14,30868,375,11,857.24,16669
2026-06-12,Offer Test,Conversions,Toronto / GTA,Value Seekers,Offer Test,365.06,43196,578,17,1313.88,25364
2026-06-12,Offer Test,Conversions,Vancouver / West,Value Seekers,Offer Test,238.63,29058,412,12,911.79,14378
2026-06-12,Offer Test,Conversions,Montreal / East,Value Seekers,Offer Test,233.42,29740,372,10,786.46,15781
2026-06-13,Offer Test,Conversions,Toronto / GTA,Value Seekers,Offer Test,339.02,42379,658,21,1612.33,24807
2026-06-13,Offer Test,Conversions,Vancouver / West,Value Seekers,Offer Test,235.23,29313,418,12,935.86,16364
2026-06-13,Offer Test,Conversions,Montreal / East,Value Seekers,Offer Test,228.3,28948,400,11,859.19,13914
2026-06-14,Offer Test,Conversions,Toronto / GTA,Value Seekers,Offer Test,365.75,45302,704,21,1636.56,22008
2026-06-14,Offer Test,Conversions,Vancouver / West,Value Seekers,Offer Test,232.34,28282,417,12,947.31,14451
2026-06-14,Offer Test,Conversions,Montreal / East,Value Seekers,Offer Test,221.18,27415,354,11,843.01,15041
